,Date,previous_close,close,sentiment
1,2021-01-02,730.3675537109375,774.5349731445312,0.6491644629554961
2,2021-01-03,774.5349731445312,975.5076904296876,1.1666833180936051
3,2021-01-04,975.5076904296876,1040.2330322265625,2.451676388478732
4,2021-01-05,1040.2330322265625,1100.006103515625,2.517741695310797
5,2021-01-06,1100.006103515625,1207.1121826171875,2.8363388079126963
6,2021-01-07,1207.1121826171875,1225.6781005859375,2.6248063165665614
7,2021-01-08,1225.6781005859375,1224.1971435546875,2.526740037326568
8,2021-01-09,1224.1971435546875,1281.0772705078125,2.766810131697621
9,2021-01-10,1281.0772705078125,1262.2467041015625,2.475204990053028
10,2021-01-11,1262.2467041015625,1090.1453857421875,2.521939216091334
11,2021-01-12,1090.1453857421875,1043.4345703125,2.70155854977643
12,2021-01-13,1043.4345703125,1130.7393798828125,2.505020154583974
13,2021-01-14,1130.7393798828125,1218.4530029296875,2.7431575221920963
14,2021-01-15,1218.4530029296875,1171.8345947265625,2.597822094132887
15,2021-01-16,1171.8345947265625,1233.53759765625,2.3449463990715205
16,2021-01-17,1233.53759765625,1230.1722412109375,2.769222935804516
17,2021-01-18,1230.1722412109375,1257.279541015625,2.556026572601888
18,2021-01-19,1257.279541015625,1377.2958984375,2.549876103925494
19,2021-01-20,1377.2958984375,1382.2740478515625,3.168990753694956
20,2021-01-21,1382.2740478515625,1121.5709228515625,2.933776718373112
21,2021-01-22,1121.5709228515625,1236.51220703125,2.6463068035875708
22,2021-01-23,1236.51220703125,1230.9906005859375,2.58327778599732
23,2021-01-24,1230.9906005859375,1391.609375,2.5172324481194086
24,2021-01-25,1391.609375,1324.414794921875,1.6664237156428898
25,2021-01-26,1324.414794921875,1357.05810546875,3.577322603731628
26,2021-01-27,1357.05810546875,1253.1871337890625,2.526358421891928
27,2021-01-28,1253.1871337890625,1332.4921875,1.5794661704833317
28,2021-01-29,1332.4921875,1382.5228271484375,2.575430853416796
29,2021-01-30,1382.5228271484375,1376.115478515625,2.462532772449166
30,2021-01-31,1376.115478515625,1314.9862060546875,2.7955689014790006
31,2021-02-01,1314.9862060546875,1369.04052734375,2.5834478305973843
32,2021-02-02,1369.04052734375,1515.1937255859375,2.4989613704228604
33,2021-02-03,1515.1937255859375,1660.9095458984375,1.955793150098673
34,2021-02-04,1660.9095458984375,1594.7626953125,2.717612109793655
35,2021-02-05,1594.7626953125,1718.65087890625,2.6232971935088947
36,2021-02-06,1718.65087890625,1677.8468017578125,2.6662882044964253
37,2021-02-07,1677.8468017578125,1614.227783203125,2.783643607158175
38,2021-02-08,1614.227783203125,1746.6168212890625,2.355266769534941
39,2021-02-09,1746.6168212890625,1768.0350341796875,2.496769330578638
40,2021-02-10,1768.0350341796875,1744.243408203125,2.651138089553839
41,2021-02-11,1744.243408203125,1783.7979736328125,2.2718774933833257
42,2021-02-12,1783.7979736328125,1843.5325927734373,2.649273047390995
43,2021-02-13,1843.5325927734373,1814.10986328125,2.6775120320377863
44,2021-02-14,1814.10986328125,1805.0841064453125,2.577302545385655
45,2021-02-15,1805.0841064453125,1779.791015625,2.10556550833064
46,2021-02-16,1779.791015625,1781.0675048828125,2.977647575930307
47,2021-02-17,1781.0675048828125,1848.458251953125,2.6472952934560685
48,2021-02-18,1848.458251953125,1937.44921875,2.5817044812186887
49,2021-02-19,1937.44921875,1960.164794921875,2.435435784527596
50,2021-02-20,1960.164794921875,1919.5340576171875,2.659838159980801
51,2021-02-21,1919.5340576171875,1935.60107421875,1.1235141731144085
52,2021-02-22,1935.60107421875,1781.992919921875,4.364252626845398
53,2021-02-23,1781.992919921875,1570.2039794921875,2.11439069519554
54,2021-02-24,1570.2039794921875,1626.57568359375,1.1048507959012002
55,2021-02-25,1626.57568359375,1475.7037353515625,2.832369147908246
56,2021-02-26,1475.7037353515625,1446.03369140625,2.49488043630907
57,2021-02-27,1446.03369140625,1459.97314453125,4.529050490884468
58,2021-02-28,1459.97314453125,1416.0489501953125,4.7164031417300505
59,2021-03-01,1416.0489501953125,1564.7076416015625,2.3373512554436964
60,2021-03-02,1564.7076416015625,1492.6087646484375,3.224433562431954
61,2021-03-03,1492.6087646484375,1575.8531494140625,2.500649937458799
62,2021-03-04,1575.8531494140625,1541.914306640625,2.501305788631999
63,2021-03-05,1541.914306640625,1533.2750244140625,1.823033640714272
64,2021-03-06,1533.2750244140625,1654.7415771484375,2.578211814573395
65,2021-03-07,1654.7415771484375,1723.15380859375,2.78704266063869
66,2021-03-08,1723.15380859375,1834.7279052734373,2.58640157989106
67,2021-03-09,1834.7279052734373,1868.048828125,3.2876691914055614
68,2021-03-10,1868.048828125,1799.166259765625,2.4221129281698084
69,2021-03-11,1799.166259765625,1826.1949462890625,2.6118552561806347
70,2021-03-12,1826.1949462890625,1772.1024169921875,2.5087250205469305
71,2021-03-13,1772.1024169921875,1924.6854248046875,2.2942409835326747
72,2021-03-14,1924.6854248046875,1854.5643310546875,2.8949970381755423
73,2021-03-15,1854.5643310546875,1791.7022705078125,2.3931005597114563
74,2021-03-16,1791.7022705078125,1806.9718017578125,2.5746160955435102
75,2021-03-17,1806.9718017578125,1823.4493408203125,2.456611230926496
76,2021-03-18,1823.4493408203125,1782.8551025390625,2.683957428126576
77,2021-03-19,1782.8551025390625,1817.6241455078125,2.592926347545572
78,2021-03-20,1817.6241455078125,1812.6346435546875,2.555297945829309
79,2021-03-21,1812.6346435546875,1788.217041015625,3.6533505291414095
80,2021-03-22,1788.217041015625,1691.333984375,1.4812845885790598
81,2021-03-23,1691.333984375,1678.650146484375,2.5881814378161407
82,2021-03-24,1678.650146484375,1593.4134521484375,2.568740670574147
83,2021-03-25,1593.4134521484375,1595.3592529296875,2.556293854082877
84,2021-03-26,1595.3592529296875,1702.842041015625,2.576681924927042
85,2021-03-27,1702.842041015625,1716.49462890625,2.429197153814477
86,2021-03-28,1716.49462890625,1691.35595703125,2.5821969436022987
87,2021-03-29,1691.35595703125,1819.6849365234373,2.653529092816311
88,2021-03-30,1819.6849365234373,1846.03369140625,4.760677464051235
89,2021-03-31,1846.03369140625,1918.362060546875,3.1613339307084645
90,2021-04-01,1918.362060546875,1977.27685546875,2.507093957895153
91,2021-04-02,1977.27685546875,2143.2255859375,1.6550155554501411
92,2021-04-03,2143.2255859375,2028.4224853515625,3.0151542348844784
93,2021-04-04,2028.4224853515625,2093.122802734375,2.412854169627856
94,2021-04-05,2093.122802734375,2107.88720703125,2.3215717845615047
95,2021-04-06,2107.88720703125,2118.37890625,1.4529029834009843
96,2021-04-07,2118.37890625,1971.0772705078125,2.585989164909084
97,2021-04-08,1971.0772705078125,2088.57373046875,2.596402441559936
98,2021-04-09,2088.57373046875,2072.10888671875,2.6660607521535127
99,2021-04-10,2072.10888671875,2135.942138671875,2.70905835966226
100,2021-04-11,2135.942138671875,2157.656982421875,2.758689193889247
101,2021-04-12,2157.656982421875,2139.353271484375,2.5611790250012016
102,2021-04-13,2139.353271484375,2299.187744140625,2.6134036841044948
103,2021-04-14,2299.187744140625,2435.10498046875,2.4022353029492143
104,2021-04-15,2435.10498046875,2519.1162109375,2.7616213149731967
105,2021-04-16,2519.1162109375,2431.946533203125,2.6106463664469834
106,2021-04-17,2431.946533203125,2344.89501953125,2.5130430423209185
107,2021-04-18,2344.89501953125,2237.136962890625,2.863056316191764
108,2021-04-19,2237.136962890625,2166.188720703125,2.482360959981388
109,2021-04-20,2166.188720703125,2330.2109375,3.340119856074006
110,2021-04-21,2330.2109375,2364.751708984375,2.3747364878811545
111,2021-04-22,2364.751708984375,2403.53515625,2.368258697616483
112,2021-04-23,2403.53515625,2363.586181640625,2.3641919416615416
113,2021-04-24,2363.586181640625,2211.625732421875,2.618728134240494
114,2021-04-25,2211.625732421875,2316.0595703125,2.6902058297950666
115,2021-04-26,2316.0595703125,2534.481689453125,2.7188018506854634
116,2021-04-27,2534.481689453125,2662.865234375,2.645324961070415
117,2021-04-28,2662.865234375,2746.380126953125,2.569368681741192
118,2021-04-29,2746.380126953125,2756.876953125,2.454286689454925
119,2021-04-30,2756.876953125,2773.20703125,2.6482749483708763
120,2021-05-01,2773.20703125,2945.892822265625,2.626001910916022
121,2021-05-02,2945.892822265625,2952.05615234375,2.2970719603010563
122,2021-05-03,2952.05615234375,3431.086181640625,2.642207384364037
123,2021-05-04,3431.086181640625,3253.62939453125,2.426076718776275
124,2021-05-05,3253.62939453125,3522.783203125,2.526851739156912
125,2021-05-06,3522.783203125,3490.88037109375,4.723431988045707
126,2021-05-07,3490.88037109375,3484.72900390625,1.3735022803163368
127,2021-05-08,3484.72900390625,3902.647705078125,2.8258834585020867
128,2021-05-09,3902.647705078125,3928.8447265625,2.588317045508482
129,2021-05-10,3928.8447265625,3952.2939453125,2.579552943395166
130,2021-05-11,3952.2939453125,4168.701171875,2.15789256362537
131,2021-05-12,4168.701171875,3785.8486328125,2.351998364764029
132,2021-05-13,3785.8486328125,3715.1484375,2.41424607856204
133,2021-05-14,3715.1484375,4079.057373046875,2.5067998391325608
134,2021-05-15,4079.057373046875,3638.1220703125,2.5300445605086
135,2021-05-16,3638.1220703125,3587.506103515625,2.4866667971615493
136,2021-05-17,3587.506103515625,3282.397705078125,2.4875598544005344
137,2021-05-18,3282.397705078125,3380.070068359375,2.8962427098093446
138,2021-05-19,3380.070068359375,2460.67919921875,2.2801852444464625
139,2021-05-20,2460.67919921875,2784.294189453125,2.494919632325278
140,2021-05-21,2784.294189453125,2430.621337890625,2.47335190288022
141,2021-05-22,2430.621337890625,2295.70556640625,2.6662458169427348
142,2021-05-23,2295.70556640625,2109.579833984375,3.2759193399691995
143,2021-05-24,2109.579833984375,2643.591064453125,2.4349224198529438
144,2021-05-25,2643.591064453125,2706.62890625,2.538214439827424
145,2021-05-26,2706.62890625,2888.69873046875,2.6130910374033083
146,2021-05-27,2888.69873046875,2736.488525390625,2.707858557530728
147,2021-05-28,2736.488525390625,2419.90625,2.2356690671839443
148,2021-05-29,2419.90625,2279.51416015625,2.436434704163821
149,2021-05-30,2279.51416015625,2390.305419921875,2.8648548697977283
150,2021-05-31,2390.305419921875,2714.9453125,2.647200531906966
151,2021-06-01,2714.9453125,2633.518310546875,2.6891389445293283
152,2021-06-02,2633.518310546875,2706.125,2.6960150142618247
153,2021-06-03,2706.125,2855.12646484375,2.4537464062218963
154,2021-06-04,2855.12646484375,2688.195068359375,2.4608958505602407
155,2021-06-05,2688.195068359375,2630.576904296875,2.127296313789904
156,2021-06-06,2630.576904296875,2715.0927734375,2.5474130677157723
157,2021-06-07,2715.0927734375,2590.26318359375,2.355773477600424
158,2021-06-08,2590.26318359375,2517.438720703125,2.031108106511517
159,2021-06-09,2517.438720703125,2608.26708984375,2.5748737660569283
160,2021-06-10,2608.26708984375,2471.5185546875,3.001637005135304
161,2021-06-11,2471.5185546875,2353.768798828125,2.54357183184364
162,2021-06-12,2353.768798828125,2372.484375,2.3718019132373565
163,2021-06-13,2372.484375,2508.3916015625,2.617858581501125
164,2021-06-14,2508.3916015625,2537.89111328125,2.5256415773979874
165,2021-06-15,2537.89111328125,2610.936767578125,2.715375246468119
166,2021-06-16,2610.936767578125,2367.66357421875,2.436174422311596
167,2021-06-17,2367.66357421875,2372.001953125,1.9214016292897709
168,2021-06-18,2372.001953125,2231.733154296875,2.189619388330518
169,2021-06-19,2231.733154296875,2178.4990234375,2.614098375276683
170,2021-06-20,2178.4990234375,2246.364501953125,2.826545222716801
171,2021-06-21,2246.364501953125,1888.447509765625,2.6150193778893644
172,2021-06-22,1888.447509765625,1874.9500732421875,2.455375829843767
173,2021-06-23,1874.9500732421875,1989.736328125,1.7319176604139457
174,2021-06-24,1989.736328125,1988.456298828125,0.9455771386927792
175,2021-06-25,1988.456298828125,1813.21728515625,4.681687040726852
176,2021-06-26,1813.21728515625,1829.2392578125,2.677139418391385
177,2021-06-27,1829.2392578125,1978.8946533203125,2.619460867715743
178,2021-06-28,1978.8946533203125,2079.657470703125,2.463867203668997
179,2021-06-29,2079.657470703125,2160.768310546875,2.615156032997468
180,2021-06-30,2160.768310546875,2274.547607421875,2.5352132910678056
181,2021-07-01,2274.547607421875,2113.60546875,2.671450525522232
182,2021-07-02,2113.60546875,2150.040283203125,1.78539520529294
183,2021-07-03,2150.040283203125,2226.1142578125,2.1161006548423806
184,2021-07-04,2226.1142578125,2321.72412109375,2.876442247394097
185,2021-07-05,2321.72412109375,2198.58251953125,2.945936368425563
186,2021-07-06,2198.58251953125,2324.679443359375,2.648383608454606
187,2021-07-07,2324.679443359375,2315.161865234375,3.2593872621752027
188,2021-07-08,2315.161865234375,2120.0263671875,2.4244613584211265
189,2021-07-09,2120.0263671875,2146.6923828125,1.7637799197998631
190,2021-07-10,2146.6923828125,2111.403564453125,2.6989465065065
191,2021-07-11,2111.403564453125,2139.664794921875,2.575942320660885
192,2021-07-12,2139.664794921875,2036.7210693359373,2.579572516972891
193,2021-07-13,2036.7210693359373,1940.083984375,2.468470836981262
194,2021-07-14,1940.083984375,1994.331298828125,2.540729667397515
195,2021-07-15,1994.331298828125,1911.1756591796875,3.036590715707346
196,2021-07-16,1911.1756591796875,1880.3829345703125,2.6343707095362774
197,2021-07-17,1880.3829345703125,1898.8251953125,3.9083138258336008
198,2021-07-18,1898.8251953125,1895.5521240234373,2.778585144950801
199,2021-07-19,1895.5521240234373,1817.296630859375,2.760751275628015
200,2021-07-20,1817.296630859375,1787.5107421875,2.709791631229454
201,2021-07-21,1787.5107421875,1990.9708251953125,2.594756581399884
202,2021-07-22,1990.9708251953125,2025.2027587890625,1.6503580281630987
203,2021-07-23,2025.2027587890625,2124.776611328125,2.598916725858733
204,2021-07-24,2124.776611328125,2189.21875,2.475446982369986
205,2021-07-25,2189.21875,2191.373779296875,2.5300445605086
206,2021-07-26,2191.373779296875,2233.36669921875,2.5417189134219367
207,2021-07-27,2233.36669921875,2298.33349609375,2.582307323950854
208,2021-07-28,2298.33349609375,2296.54541015625,2.2779900593103903
209,2021-07-29,2296.54541015625,2380.956787109375,0.4480758448833186
210,2021-07-30,2380.956787109375,2466.96142578125,1.9452106058586072
211,2021-07-31,2466.96142578125,2536.2099609375,2.811533842356784
212,2021-08-01,2536.2099609375,2561.85205078125,2.432562840747173
213,2021-08-02,2561.85205078125,2610.1533203125,2.518308926100896
214,2021-08-03,2610.1533203125,2502.349609375,2.6698178870793248
215,2021-08-04,2502.349609375,2724.619873046875,1.861496272933746
216,2021-08-05,2724.619873046875,2827.328857421875,2.5007468508792976
217,2021-08-06,2827.328857421875,2890.941650390625,2.6541490686769347
218,2021-08-07,2890.941650390625,3157.23876953125,3.032669433323796
219,2021-08-08,3157.23876953125,3013.732666015625,2.958752780855698
220,2021-08-09,3013.732666015625,3167.856201171875,2.3627659185353087
221,2021-08-10,3167.856201171875,3141.691162109375,2.760220850200211
222,2021-08-11,3141.691162109375,3164.2451171875,2.34121171396701
223,2021-08-12,3164.2451171875,3043.414306640625,2.419772727796356
224,2021-08-13,3043.414306640625,3322.211669921875,2.5583212816610645
225,2021-08-14,3322.211669921875,3265.443359375,2.6404088575729907
226,2021-08-15,3265.443359375,3310.504150390625,2.6752902558260065
227,2021-08-16,3310.504150390625,3156.509521484375,2.569116033612413
228,2021-08-17,3156.509521484375,3014.845947265625,2.795485239015485
229,2021-08-18,3014.845947265625,3020.08984375,2.600355687988735
230,2021-08-19,3020.08984375,3182.7021484375,2.6491861005748234
231,2021-08-20,3182.7021484375,3286.935302734375,2.065560547974891
232,2021-08-21,3286.935302734375,3226.083984375,2.637452924486765
233,2021-08-22,3226.083984375,3242.115478515625,2.5569368838201685
234,2021-08-23,3242.115478515625,3319.25732421875,2.5075126545009563
235,2021-08-24,3319.25732421875,3172.456298828125,2.479813326941032
236,2021-08-25,3172.456298828125,3224.915283203125,2.1867206803637056
237,2021-08-26,3224.915283203125,3100.325439453125,2.437675796330477
238,2021-08-27,3100.325439453125,3270.600830078125,2.519725407854716
239,2021-08-28,3270.600830078125,3244.4033203125,2.195430731424127
240,2021-08-29,3244.4033203125,3227.002685546875,2.5314057366822733
241,2021-08-30,3227.002685546875,3224.374267578125,2.41200865182825
242,2021-08-31,3224.374267578125,3433.732666015625,2.591384457751269
243,2021-09-01,3433.732666015625,3834.828125,2.185091767603649
244,2021-09-02,3834.828125,3790.989990234375,2.636222774971345
245,2021-09-03,3790.989990234375,3940.61474609375,2.713341513073685
246,2021-09-04,3940.61474609375,3887.828369140625,1.7051292293874345
247,2021-09-05,3887.828369140625,3952.133544921875,2.493733983269307
248,2021-09-06,3952.133544921875,3928.37939453125,2.5962039964291765
249,2021-09-07,3928.37939453125,3426.394287109375,1.399609702837178
250,2021-09-08,3426.394287109375,3497.315185546875,2.362251318648335
251,2021-09-09,3497.315185546875,3427.340087890625,2.8169935196557274
252,2021-09-10,3427.340087890625,3211.505859375,2.589985154620972
253,2021-09-11,3211.505859375,3270.278076171875,2.597415646370353
254,2021-09-12,3270.278076171875,3410.134521484375,2.5703161190629307
255,2021-09-13,3410.134521484375,3285.51171875,1.838798295490076
256,2021-09-14,3285.51171875,3429.169677734375,2.53180157274747
257,2021-09-15,3429.169677734375,3615.28271484375,2.6247795534644065
258,2021-09-16,3615.28271484375,3571.294921875,2.778920922781684
259,2021-09-17,3571.294921875,3398.538818359375,2.667284582798444
260,2021-09-18,3398.538818359375,3432.018310546875,2.9308049693628977
261,2021-09-19,3432.018310546875,3329.447998046875,2.5077649017489074
262,2021-09-20,3329.447998046875,2958.993408203125,2.800205720609156
263,2021-09-21,2958.993408203125,2764.43115234375,2.6955998866543616
264,2021-09-22,2764.43115234375,3077.867919921875,2.6284912391235915
265,2021-09-23,3077.867919921875,3155.523681640625,2.4367950413589163
266,2021-09-24,3155.523681640625,2931.669189453125,2.6733462217455903
267,2021-09-25,2931.669189453125,2925.565673828125,2.690971892330287
268,2021-09-26,2925.565673828125,3062.265380859375,2.665383440737907
269,2021-09-27,3062.265380859375,2934.138916015625,2.588929115503624
270,2021-09-28,2934.138916015625,2807.296630859375,2.661567890444036
271,2021-09-29,2807.296630859375,2853.143310546875,2.3475002102181346
272,2021-09-30,2853.143310546875,3001.678955078125,2.569909748481628
273,2021-10-01,3001.678955078125,3307.51611328125,2.7498818895665424
274,2021-10-02,3307.51611328125,3391.6943359375,2.6406174198672323
275,2021-10-03,3391.6943359375,3418.358642578125,2.525158475124071
276,2021-10-04,3418.358642578125,3380.089111328125,2.634360761520269
277,2021-10-05,3380.089111328125,3518.5185546875,2.4006351059809914
278,2021-10-06,3518.5185546875,3580.56201171875,2.6230985338097783
279,2021-10-07,3580.56201171875,3587.974853515625,1.946825826453124
280,2021-10-08,3587.974853515625,3563.75927734375,2.24605917354542
281,2021-10-09,3563.75927734375,3575.716796875,2.71946736661144
282,2021-10-10,3575.716796875,3425.852783203125,2.3694927484257877
283,2021-10-11,3425.852783203125,3545.35400390625,2.5240942984823884
284,2021-10-12,3545.35400390625,3492.5732421875,2.538373650127386
285,2021-10-13,3492.5732421875,3606.20166015625,2.9511240837828345
286,2021-10-14,3606.20166015625,3786.01416015625,2.998348546848302
287,2021-10-15,3786.01416015625,3862.634765625,2.64690817188042
288,2021-10-16,3862.634765625,3830.382080078125,2.499480606437156
289,2021-10-17,3830.382080078125,3847.1044921875,2.581422852140311
290,2021-10-18,3847.1044921875,3748.76025390625,2.6532536392849035
291,2021-10-19,3748.76025390625,3877.65087890625,2.4214259543097474
292,2021-10-20,3877.65087890625,4155.9921875,2.68509681822963
293,2021-10-21,4155.9921875,4054.32275390625,2.1052096148045734
294,2021-10-22,4054.32275390625,3970.181884765625,2.5313616623886217
295,2021-10-23,3970.181884765625,4171.66357421875,2.6500139479610465
296,2021-10-24,4171.66357421875,4087.903076171875,2.4745830365857344
297,2021-10-25,4087.903076171875,4217.876953125,2.4016042702507385
298,2021-10-26,4217.876953125,4131.10205078125,2.64087649149015
299,2021-10-27,4131.10205078125,3930.25732421875,2.559564091034401
300,2021-10-28,3930.25732421875,4287.31884765625,2.7629668745105755
301,2021-10-29,4287.31884765625,4414.74658203125,2.678827326838769
302,2021-10-30,4414.74658203125,4325.650390625,2.5615298480552187
303,2021-10-31,4325.650390625,4288.07421875,1.991953931733281
304,2021-11-01,4288.07421875,4324.626953125,2.619463510228354
305,2021-11-02,4324.626953125,4584.798828125,2.9505994502699275
306,2021-11-03,4584.798828125,4607.19384765625,2.652060837461607
307,2021-11-04,4607.19384765625,4537.32421875,2.6359398320057044
308,2021-11-05,4537.32421875,4486.2431640625,2.7230628242672394
309,2021-11-06,4486.2431640625,4521.5810546875,2.606606146664395
310,2021-11-07,4521.5810546875,4620.5546875,2.567588814582374
311,2021-11-08,4620.5546875,4812.08740234375,2.838788591875094
312,2021-11-09,4812.08740234375,4735.06884765625,2.6220778584213704
313,2021-11-10,4735.06884765625,4636.17431640625,2.8468053749051494
314,2021-11-11,4636.17431640625,4730.38427734375,2.662039899185624
315,2021-11-12,4730.38427734375,4667.115234375,2.7649978620689573
316,2021-11-13,4667.115234375,4651.46044921875,2.5350214042130785
317,2021-11-14,4651.46044921875,4626.35888671875,2.5449824701581254
318,2021-11-15,4626.35888671875,4557.50390625,2.585486327980916
319,2021-11-16,4557.50390625,4216.365234375,2.8632042917126626
320,2021-11-17,4216.365234375,4287.59375,2.452158979116438
321,2021-11-18,4287.59375,4000.65087890625,2.434137524694597
322,2021-11-19,4000.65087890625,4298.306640625,2.546416430816938
323,2021-11-20,4298.306640625,4409.93115234375,1.987317675098151
324,2021-11-21,4409.93115234375,4269.73291015625,2.6324976842217183
325,2021-11-22,4269.73291015625,4088.457763671875,2.514425768841129
326,2021-11-23,4088.457763671875,4340.763671875,2.6041391490943173
327,2021-11-24,4340.763671875,4239.9814453125,2.6682099928498184
328,2021-11-25,4239.9814453125,4274.7431640625,2.57392275196127
329,2021-11-26,4274.7431640625,4030.908935546875,2.3732045808567506
330,2021-11-27,4030.908935546875,4096.912109375,2.4207349861277057
331,2021-11-28,4096.912109375,4294.45361328125,2.698182955006582
332,2021-11-29,4294.45361328125,4445.10498046875,2.5853254819984035
333,2021-11-30,4445.10498046875,4631.47900390625,2.5612714797743563
334,2021-12-01,4631.47900390625,4586.990234375,2.516285646336709
335,2021-12-02,4586.990234375,4511.30224609375,2.4312795742066085
336,2021-12-03,4511.30224609375,4220.7060546875,2.7037572312329314
337,2021-12-04,4220.7060546875,4119.58740234375,2.5195602351282247
338,2021-12-05,4119.58740234375,4198.32275390625,2.6165758888210195
339,2021-12-06,4198.32275390625,4358.7373046875,2.732769920715581
340,2021-12-07,4358.7373046875,4315.0615234375,2.9669849592621653
341,2021-12-08,4315.0615234375,4439.35791015625,2.598635632922643
342,2021-12-09,4439.35791015625,4119.81591796875,2.707426969549114
343,2021-12-10,4119.81591796875,3908.49609375,2.771599339399467
344,2021-12-11,3908.49609375,4084.452392578125,2.77823737906988
345,2021-12-12,4084.452392578125,4134.453125,2.7992794988218
346,2021-12-13,4134.453125,3784.226806640625,2.32204164282802
347,2021-12-14,3784.226806640625,3745.4404296875,2.7784808967076486
348,2021-12-15,3745.4404296875,4018.388671875,2.9007289273865857
349,2021-12-16,4018.388671875,3962.4697265625,2.4774634269497637
350,2021-12-17,3962.4697265625,3879.486572265625,2.6092746920562515
351,2021-12-18,3879.486572265625,3960.860107421875,2.722372735546016
352,2021-12-19,3960.860107421875,3922.592529296875,2.494192389023917
353,2021-12-20,3922.592529296875,3933.844482421875,2.777476090121951
354,2021-12-21,3933.844482421875,4020.260009765625,2.042822918973493
355,2021-12-22,4020.260009765625,3982.099609375,2.4198031153952893
356,2021-12-23,3982.099609375,4108.015625,2.494016085635215
357,2021-12-24,4108.015625,4047.98291015625,2.5896301732265505
358,2021-12-25,4047.98291015625,4093.281005859375,2.5126805013598403
359,2021-12-26,4093.281005859375,4067.328125,2.115331193323045
360,2021-12-27,4067.328125,4037.547607421875,2.6820973128024903
361,2021-12-28,4037.547607421875,3800.89306640625,2.189960904320713
362,2021-12-29,3800.89306640625,3628.53173828125,2.590246779073216
363,2021-12-30,3628.53173828125,3713.85205078125,2.2349326861465064
364,2021-12-31,3713.85205078125,3682.6328125,2.6544460431184915
365,2022-01-01,3682.6328125,3769.697021484375,2.7913588708553654
366,2022-01-02,3769.697021484375,3829.56494140625,1.7491220276627648
367,2022-01-03,3829.56494140625,3761.38037109375,2.449504336452573
368,2022-01-04,3761.38037109375,3794.056640625,2.665151572275713
369,2022-01-05,3794.056640625,3550.386962890625,2.473225184044024
370,2022-01-06,3550.386962890625,3418.408203125,2.189781374537685
371,2022-01-07,3418.408203125,3193.21044921875,2.350468588406245
372,2022-01-08,3193.21044921875,3091.97265625,2.6863413370172484
373,2022-01-09,3091.97265625,3157.75146484375,2.275514521628176
374,2022-01-10,3157.75146484375,3083.097900390625,2.2882660642467605
375,2022-01-11,3083.097900390625,3238.111572265625,2.6146150651407427
376,2022-01-12,3238.111572265625,3372.25830078125,2.4402700591343747
377,2022-01-13,3372.25830078125,3248.28857421875,2.8740505140136765
378,2022-01-14,3248.28857421875,3310.00146484375,2.625292880550223
379,2022-01-15,3310.00146484375,3330.53076171875,2.6253114258337344
380,2022-01-16,3330.53076171875,3350.921875,3.137339228193865
381,2022-01-17,3350.921875,3212.304931640625,2.291484582850648
382,2022-01-18,3212.304931640625,3164.025146484375,2.722237415600031
383,2022-01-19,3164.025146484375,3095.825927734375,2.4958843281346006
384,2022-01-20,3095.825927734375,3001.1201171875,2.668178643893216
385,2022-01-21,3001.1201171875,2557.931640625,2.430560690440418
386,2022-01-22,2557.931640625,2405.18115234375,2.425116427088259
387,2022-01-23,2405.18115234375,2535.0390625,2.599208270981629
388,2022-01-24,2535.0390625,2440.352294921875,2.6125983206349943
389,2022-01-25,2440.352294921875,2455.93505859375,2.8506092338587643
390,2022-01-26,2455.93505859375,2468.0302734375,2.364362046949505
391,2022-01-27,2468.0302734375,2423.001220703125,2.5902674290054044
392,2022-01-28,2423.001220703125,2547.092041015625,2.5508657028428243
393,2022-01-29,2547.092041015625,2597.084716796875,2.507574269063875
394,2022-01-30,2597.084716796875,2603.466552734375,2.6526368039585235
395,2022-01-31,2603.466552734375,2688.27880859375,2.619641898633226
396,2022-02-01,2688.27880859375,2792.1171875,2.795929072253528
397,2022-02-02,2792.1171875,2682.85400390625,2.6094770852930007
398,2022-02-03,2682.85400390625,2679.16259765625,2.503840230453941
399,2022-02-04,2679.16259765625,2983.5869140625,2.6967549636273063
400,2022-02-05,2983.5869140625,3014.648193359375,2.5863488352598094
401,2022-02-06,3014.648193359375,3057.47607421875,2.7200396423658955
402,2022-02-07,3057.47607421875,3142.470703125,2.318629975146404
403,2022-02-08,3142.470703125,3122.608642578125,2.2288011328970176
404,2022-02-09,3122.608642578125,3239.45703125,2.178987751606982
405,2022-02-10,3239.45703125,3077.482177734375,2.6141159466460144
406,2022-02-11,3077.482177734375,2927.383544921875,2.7692735307821663
407,2022-02-12,2927.383544921875,2917.36279296875,2.6322877362189443
408,2022-02-13,2917.36279296875,2883.46337890625,2.811996625488638
409,2022-02-14,2883.46337890625,2933.47900390625,2.581852187490949
410,2022-02-15,2933.47900390625,3179.877197265625,2.997895018885997
411,2022-02-16,3179.877197265625,3127.830078125,1.8875203875105069
412,2022-02-17,3127.830078125,2881.48193359375,2.97193605888348
413,2022-02-18,2881.48193359375,2785.7275390625,2.541871645004437
414,2022-02-19,2785.7275390625,2763.701171875,2.7657743630265808
415,2022-02-20,2763.701171875,2628.6484375,2.3460653914661966
416,2022-02-21,2628.6484375,2573.816162109375,2.855924254948151
417,2022-02-22,2573.816162109375,2639.29931640625,1.8055007249379285
418,2022-02-23,2639.29931640625,2590.359619140625,3.194189427111765
419,2022-02-24,2590.359619140625,2598.067138671875,2.462854780302961
420,2022-02-25,2598.067138671875,2764.53564453125,2.535100101173151
421,2022-02-26,2764.53564453125,2781.11181640625,2.680853356758312
422,2022-02-27,2781.11181640625,2621.8017578125,2.7609329610232534
423,2022-02-28,2621.8017578125,2919.201171875,2.5101777157969134
424,2022-03-01,2919.201171875,2972.485107421875,2.621304945889246
425,2022-03-02,2972.485107421875,2950.118408203125,2.4405098467751136
426,2022-03-03,2950.118408203125,2834.468994140625,2.6142472497700995
427,2022-03-04,2834.468994140625,2617.156005859375,2.530951604585442
428,2022-03-05,2617.156005859375,2664.8310546875,2.397108019319653
429,2022-03-06,2664.8310546875,2555.037353515625,2.35330523626188
430,2022-03-07,2555.037353515625,2497.771240234375,2.645927813116889
431,2022-03-08,2497.771240234375,2576.74755859375,2.4956280668135618
432,2022-03-09,2576.74755859375,2729.783447265625,2.1762453527754526
433,2022-03-10,2729.783447265625,2608.048583984375,2.471654993491149
434,2022-03-11,2608.048583984375,2559.56298828125,2.6219195214410864
435,2022-03-12,2559.56298828125,2574.754150390625,2.42629812178699
436,2022-03-13,2574.754150390625,2518.944580078125,2.5538966597916826
437,2022-03-14,2518.944580078125,2590.696044921875,1.9760922723602123
438,2022-03-15,2590.696044921875,2620.149658203125,2.5830425591361115
439,2022-03-16,2620.149658203125,2772.0556640625,2.350358619123222
440,2022-03-17,2772.0556640625,2814.8544921875,2.8326520379303344
441,2022-03-18,2814.8544921875,2945.343017578125,2.695722282330724
442,2022-03-19,2945.343017578125,2946.257080078125,2.601711109276145
443,2022-03-20,2946.257080078125,2860.459228515625,2.794750089468204
444,2022-03-21,2860.459228515625,2897.9765625,2.370452222914229
445,2022-03-22,2897.9765625,2973.131103515625,2.698200256549209
446,2022-03-23,2973.131103515625,3031.067138671875,2.670573154112149
447,2022-03-24,3031.067138671875,3108.06201171875,2.7371126590248758
448,2022-03-25,3108.06201171875,3106.67138671875,2.5925175993559466
449,2022-03-26,3106.67138671875,3143.178955078125,2.6098498920573667
450,2022-03-27,3143.178955078125,3291.57763671875,2.6963063400254814
451,2022-03-28,3291.57763671875,3336.634521484375,2.571410464037824
452,2022-03-29,3336.634521484375,3401.98779296875,2.529790664840456
453,2022-03-30,3401.98779296875,3385.157958984375,2.3369530902588043
454,2022-03-31,3385.157958984375,3281.642822265625,2.5822714899787265
455,2022-04-01,3281.642822265625,3449.55224609375,2.928796160281516
456,2022-04-02,3449.55224609375,3445.059326171875,2.3586578564141747
457,2022-04-03,3445.059326171875,3522.83349609375,2.742235498283889
458,2022-04-04,3522.83349609375,3521.2412109375,2.354354535131366
459,2022-04-05,3521.2412109375,3411.79248046875,2.6251529868088825
460,2022-04-06,3411.79248046875,3171.69189453125,2.7833642738843656
461,2022-04-07,3171.69189453125,3233.274658203125,2.847263304059497
462,2022-04-08,3233.274658203125,3192.073974609375,2.7661875940878566
463,2022-04-09,3192.073974609375,3261.916259765625,2.4622130982150336
464,2022-04-10,3261.916259765625,3211.866943359375,2.4309025255296173
465,2022-04-11,3211.866943359375,2981.05224609375,2.527737948635938
466,2022-04-12,2981.05224609375,3030.37646484375,2.4867226268777385
467,2022-04-13,3030.37646484375,3118.34423828125,2.672969465393468
468,2022-04-14,3118.34423828125,3019.909423828125,2.962331100751244
469,2022-04-15,3019.909423828125,3040.91650390625,2.7221561763505693
470,2022-04-16,3040.91650390625,3062.310302734375,2.2042240020467205
471,2022-04-17,3062.310302734375,2993.4033203125,2.486869804428857
472,2022-04-18,2993.4033203125,3057.606689453125,2.5930726727495976
473,2022-04-19,3057.606689453125,3104.1064453125,2.720891711976568
474,2022-04-20,3104.1064453125,3077.745849609375,2.4770515913867173
475,2022-04-21,3077.745849609375,2987.480712890625,2.191498344883458
476,2022-04-22,2987.480712890625,2964.835693359375,2.645663934077734
477,2022-04-23,2964.835693359375,2938.114013671875,2.1972332745619894
478,2022-04-24,2938.114013671875,2922.732666015625,2.6323279993855317
479,2022-04-25,2922.732666015625,3009.3935546875,2.330980534435544
480,2022-04-26,3009.3935546875,2808.29833984375,2.359515752807191
481,2022-04-27,2808.29833984375,2888.9296875,2.247728242673294
482,2022-04-28,2888.9296875,2936.94091796875,2.5146338548812537
483,2022-04-29,2936.94091796875,2815.601806640625,2.668578850617031
484,2022-04-30,2815.601806640625,2730.186767578125,2.536838622900988
485,2022-05-01,2730.186767578125,2827.756103515625,2.686793972996765
486,2022-05-02,2827.756103515625,2857.410400390625,2.234288071013173
487,2022-05-03,2857.410400390625,2783.476318359375,2.592493603025691
488,2022-05-04,2783.476318359375,2940.644775390625,2.893466903158684
489,2022-05-05,2940.644775390625,2749.213134765625,2.739986729019756
490,2022-05-06,2749.213134765625,2694.979736328125,2.6853128315978774
491,2022-05-07,2694.979736328125,2636.093017578125,2.5573633112183867
492,2022-05-08,2636.093017578125,2517.4599609375,2.5460350153369866
493,2022-05-09,2517.4599609375,2245.430419921875,2.61704487708208
494,2022-05-10,2245.430419921875,2343.510986328125,2.254023806842145
495,2022-05-11,2343.510986328125,2072.108642578125,2.4941927467402705
496,2022-05-12,2072.108642578125,1961.7015380859373,2.1468830168366058
497,2022-05-13,1961.7015380859373,2014.418212890625,2.4926903547617942
498,2022-05-14,2014.418212890625,2056.27392578125,0.4417976704105908
499,2022-05-15,2056.27392578125,2145.706787109375,2.534057481161859
500,2022-05-16,2145.706787109375,2022.7259521484373,1.9482333347288143
501,2022-05-17,2022.7259521484373,2090.4091796875,2.599762383761916
502,2022-05-18,2090.4091796875,1916.6561279296875,2.674328011659751
503,2022-05-19,1916.6561279296875,2018.336181640625,2.5717102550304483
504,2022-05-20,2018.336181640625,1961.315673828125,2.5889713862350776
505,2022-05-21,1961.315673828125,1974.518310546875,2.5050478537839687
506,2022-05-22,1974.518310546875,2043.170166015625,2.415751347304959
507,2022-05-23,2043.170166015625,1972.181884765625,3.088356635668859
508,2022-05-24,1972.181884765625,1978.9827880859373,2.310198751301872
509,2022-05-25,1978.9827880859373,1944.827880859375,2.1709047771831185
510,2022-05-26,1944.827880859375,1803.913330078125,1.8342253071261152
511,2022-05-27,1803.913330078125,1724.9228515625,2.7971373925720613
512,2022-05-28,1724.9228515625,1757.9417724609375,1.318938131012827
513,2022-05-29,1757.9417724609375,1812.031005859375,2.6064345882753623
514,2022-05-30,1812.031005859375,1996.4412841796875,2.4321769665573045
515,2022-05-31,1996.4412841796875,1942.3280029296875,2.405372594317493
516,2022-06-01,1942.3280029296875,1823.5693359375,2.362511865340988
517,2022-06-02,1823.5693359375,1834.1505126953125,2.13220044877432
518,2022-06-03,1834.1505126953125,1775.07861328125,2.4240428732876955
519,2022-06-04,1775.07861328125,1801.6094970703125,3.1024621949447573
520,2022-06-05,1801.6094970703125,1805.2049560546875,2.60632122080744
521,2022-06-06,1805.2049560546875,1859.2896728515625,2.697078484387385
522,2022-06-07,1859.2896728515625,1814.04833984375,2.6001452132207845
523,2022-06-08,1814.04833984375,1793.572265625,2.328882878008794
524,2022-06-09,1793.572265625,1789.8260498046875,2.520526096787514
525,2022-06-10,1789.8260498046875,1665.042236328125,2.399683427813028
526,2022-06-11,1665.042236328125,1529.6634521484375,1.9533613077930183
527,2022-06-12,1529.6634521484375,1445.216552734375,3.0850004480897693
528,2022-06-13,1445.216552734375,1204.582763671875,2.579006241045294
529,2022-06-14,1204.582763671875,1211.662841796875,2.491808471213984
530,2022-06-15,1211.662841796875,1233.2064208984375,2.54913401683006
531,2022-06-16,1233.2064208984375,1067.730712890625,2.484798912888156
532,2022-06-17,1067.730712890625,1086.519287109375,1.7292125738853303
533,2022-06-18,1086.519287109375,993.6367797851562,2.5168146013168164
534,2022-06-19,993.6367797851562,1127.656494140625,2.4444938687705924
535,2022-06-20,1127.656494140625,1127.6424560546875,2.8135433524965445
536,2022-06-21,1127.6424560546875,1124.8245849609375,2.479330080992306
537,2022-06-22,1124.8245849609375,1051.421875,2.016535165524643
538,2022-06-23,1051.421875,1143.38671875,2.6194627334137537
539,2022-06-24,1143.38671875,1226.8447265625,2.4002242971578207
540,2022-06-25,1226.8447265625,1243.4468994140625,2.447889073714453
541,2022-06-26,1243.4468994140625,1199.8316650390625,2.425984193019381
542,2022-06-27,1199.8316650390625,1193.6806640625,1.9790645707238732
543,2022-06-28,1193.6806640625,1144.5792236328125,2.964416245631637
544,2022-06-29,1144.5792236328125,1098.94384765625,2.8690257859011727
545,2022-06-30,1098.94384765625,1067.298828125,2.893654369883909
546,2022-07-01,1067.298828125,1059.767333984375,2.7448990399142024
547,2022-07-02,1059.767333984375,1066.5128173828125,3.542875566866266
548,2022-07-03,1066.5128173828125,1073.7669677734375,2.644505769820853
549,2022-07-04,1073.7669677734375,1151.05908203125,3.3756742220362184
550,2022-07-05,1151.05908203125,1134.541015625,3.0242059436947644
551,2022-07-06,1134.541015625,1186.9739990234375,2.3602099540223587
552,2022-07-07,1186.9739990234375,1237.5933837890625,2.5971346072267414
553,2022-07-08,1237.5933837890625,1222.5062255859375,3.079187939237141
554,2022-07-09,1222.5062255859375,1216.978271484375,2.3534026646142903
555,2022-07-10,1216.978271484375,1168.401611328125,2.607752007014989
556,2022-07-11,1168.401611328125,1097.236572265625,2.702335327759208
557,2022-07-12,1097.236572265625,1038.191650390625,2.2486526092683827
558,2022-07-13,1038.191650390625,1113.587158203125,2.303522080606626
559,2022-07-14,1113.587158203125,1191.5262451171875,2.7724512786267854
560,2022-07-15,1191.5262451171875,1233.129150390625,2.3434726456736623
561,2022-07-16,1233.129150390625,1352.62646484375,2.7119039248939028
562,2022-07-17,1352.62646484375,1338.6357421875,2.526282804659723
563,2022-07-18,1338.6357421875,1578.7178955078125,2.7339713518034423
564,2022-07-19,1578.7178955078125,1542.9752197265625,2.2915556729256887
565,2022-07-20,1542.9752197265625,1520.20068359375,2.536011451609974
566,2022-07-21,1520.20068359375,1576.74951171875,2.592977423005388
567,2022-07-22,1576.74951171875,1537.4051513671875,2.4009280152558548
568,2022-07-23,1537.4051513671875,1549.2974853515625,2.4677801466457274
569,2022-07-24,1549.2974853515625,1599.4766845703125,2.0894557761082866
570,2022-07-25,1599.4766845703125,1445.3834228515625,2.5857286879700645
571,2022-07-26,1445.3834228515625,1441.8067626953125,2.654215230365009
572,2022-07-27,1441.8067626953125,1636.232666015625,1.899183127189937
573,2022-07-28,1636.232666015625,1725.4681396484375,2.464671107341054
574,2022-07-29,1725.4681396484375,1727.406982421875,2.661217619097136
575,2022-07-30,1727.406982421875,1695.969482421875,2.012486838407083
576,2022-07-31,1695.969482421875,1681.517333984375,2.672212896581061
577,2022-08-01,1681.517333984375,1635.19580078125,1.8492029101653216
578,2022-08-02,1635.19580078125,1632.9454345703125,2.084233518627648
579,2022-08-03,1632.9454345703125,1618.87451171875,3.0867882958187858
580,2022-08-04,1618.87451171875,1608.205810546875,2.639723580466786
581,2022-08-05,1608.205810546875,1732.254638671875,2.647285752227887
582,2022-08-06,1732.254638671875,1691.6580810546875,2.566254281169689
583,2022-08-07,1691.6580810546875,1699.350830078125,2.519283463393345
584,2022-08-08,1699.350830078125,1775.51611328125,2.2842586768094586
585,2022-08-09,1775.51611328125,1703.0250244140625,2.5151152126975984
586,2022-08-10,1703.0250244140625,1851.74267578125,2.623469478990498
587,2022-08-11,1851.74267578125,1881.22412109375,2.521947884669765
588,2022-08-12,1881.22412109375,1957.2464599609373,1.77799388826982
589,2022-08-13,1957.2464599609373,1981.3365478515625,1.955531018406813
590,2022-08-14,1981.3365478515625,1936.802001953125,2.6192217996494853
591,2022-08-15,1936.802001953125,1904.2281494140625,2.057734389469309
592,2022-08-16,1904.2281494140625,1878.139404296875,2.939908223879911
593,2022-08-17,1878.139404296875,1832.9996337890625,2.646460190471029
594,2022-08-18,1832.9996337890625,1847.0078125,2.5717436698024705
595,2022-08-19,1847.0078125,1612.9873046875,3.7710552775496655
596,2022-08-20,1612.9873046875,1577.0037841796875,4.815566354874028
597,2022-08-21,1577.0037841796875,1619.3189697265625,2.133243741741823
598,2022-08-22,1619.3189697265625,1622.505859375,3.2393182279729147
599,2022-08-23,1622.505859375,1662.7698974609375,2.915195447192714
600,2022-08-24,1662.7698974609375,1657.0592041015625,1.95433881590262
601,2022-08-25,1657.0592041015625,1696.45703125,0.087836828375424
602,2022-08-26,1696.45703125,1507.7828369140625,2.7382782506271357
603,2022-08-27,1507.7828369140625,1491.39501953125,2.1479045984668144
604,2022-08-28,1491.39501953125,1430.54736328125,2.7372615279867274
605,2022-08-29,1430.54736328125,1553.037353515625,2.747072070840564
606,2022-08-30,1553.037353515625,1523.8388671875,2.5194716272365354
607,2022-08-31,1523.8388671875,1553.6849365234375,2.689957867608356
608,2022-09-01,1553.6849365234375,1586.1767578125,2.532280774567579
609,2022-09-02,1586.1767578125,1577.220458984375,2.9265383512775065
610,2022-09-03,1577.220458984375,1556.8726806640625,2.6394070863592614
611,2022-09-04,1556.8726806640625,1577.6416015625,2.6436167472463543
612,2022-09-05,1577.6416015625,1617.1832275390625,2.7410965345573937
613,2022-09-06,1617.1832275390625,1561.74853515625,2.3970770718071424
614,2022-09-07,1561.74853515625,1629.9063720703125,1.4037453157597044
615,2022-09-08,1629.9063720703125,1635.34765625,2.4053090108047868
616,2022-09-09,1635.34765625,1719.08544921875,2.665600442381608
617,2022-09-10,1719.08544921875,1776.2037353515625,2.360747337672984
618,2022-09-11,1776.2037353515625,1761.800048828125,2.617292684629628
619,2022-09-12,1761.800048828125,1713.7652587890625,2.658463396516674
620,2022-09-13,1713.7652587890625,1580.7879638671875,2.785576262449546
621,2022-09-14,1580.7879638671875,1634.7550048828125,2.5150505912841985
622,2022-09-15,1634.7550048828125,1471.6934814453125,2.860195788265422
623,2022-09-16,1471.6934814453125,1432.44775390625,3.646910074886899
624,2022-09-17,1432.44775390625,1469.74169921875,1.157383838393396
625,2022-09-18,1469.74169921875,1335.3291015625,2.2441734939722773
626,2022-09-19,1335.3291015625,1377.5413818359375,2.3619511830606443
627,2022-09-20,1377.5413818359375,1324.38818359375,2.929581274676623
628,2022-09-21,1324.38818359375,1252.6077880859375,2.678066004946407
629,2022-09-22,1252.6077880859375,1327.68017578125,2.5378826866632007
630,2022-09-23,1327.68017578125,1328.259521484375,2.4532008683319666
631,2022-09-24,1328.259521484375,1317.9932861328125,2.565812320988156
632,2022-09-25,1317.9932861328125,1294.216796875,3.1763965376884467
633,2022-09-26,1294.216796875,1335.3201904296875,2.4381949407044314
634,2022-09-27,1335.3201904296875,1330.127685546875,2.522351853529752
635,2022-09-28,1330.127685546875,1337.410888671875,2.997332776503604
636,2022-09-29,1337.410888671875,1335.65234375,2.697579876635688
637,2022-09-30,1335.65234375,1327.9786376953125,3.472674640505587
638,2022-10-01,1327.9786376953125,1311.6444091796875,1.8497162856072105
639,2022-10-02,1311.6444091796875,1276.093505859375,2.4617860593029715
640,2022-10-03,1276.093505859375,1323.439208984375,1.8568996819855568
641,2022-10-04,1323.439208984375,1362.1265869140625,1.8183440188216933
642,2022-10-05,1362.1265869140625,1352.837158203125,1.750202814842461
643,2022-10-06,1352.837158203125,1351.70947265625,1.9737569162304107
644,2022-10-07,1351.70947265625,1332.5169677734375,2.4194982140024504
645,2022-10-08,1332.5169677734375,1315.50048828125,2.655019795659304
646,2022-10-09,1315.50048828125,1322.604248046875,2.581810894831742
647,2022-10-10,1322.604248046875,1291.337646484375,2.3591746296293628
648,2022-10-11,1291.337646484375,1279.57568359375,2.133740753049259
649,2022-10-12,1279.57568359375,1294.9063720703125,2.2554815900464744
650,2022-10-13,1294.9063720703125,1288.1239013671875,1.6575678551461182
651,2022-10-14,1288.1239013671875,1297.422119140625,2.650631356876158
652,2022-10-15,1297.422119140625,1274.8717041015625,2.5177484750655004
653,2022-10-16,1274.8717041015625,1306.296630859375,2.614814113524619
654,2022-10-17,1306.296630859375,1331.713623046875,2.9993605270893986
655,2022-10-18,1331.713623046875,1310.447021484375,1.219778132659601
656,2022-10-19,1310.447021484375,1285.7442626953125,4.024162405364328
657,2022-10-20,1285.7442626953125,1283.200927734375,2.993067113721368
658,2022-10-21,1283.200927734375,1299.9464111328125,2.4056224614591244
659,2022-10-22,1299.9464111328125,1314.2991943359375,2.921515843008068
660,2022-10-23,1314.2991943359375,1363.447021484375,2.538000615172086
661,2022-10-24,1363.447021484375,1344.99853515625,2.5533720862252327
662,2022-10-25,1344.99853515625,1461.6654052734375,2.5561042601924866
663,2022-10-26,1461.6654052734375,1566.566650390625,2.888538932641243
664,2022-10-27,1566.566650390625,1514.3748779296875,2.511889994872048
665,2022-10-28,1514.3748779296875,1555.4779052734375,1.8726691245703675
666,2022-10-29,1555.4779052734375,1619.698486328125,0.1302388597845553
667,2022-10-30,1619.698486328125,1590.7833251953125,3.868323618569276
668,2022-10-31,1590.7833251953125,1572.7144775390625,2.4181872685525048
669,2022-11-01,1572.7144775390625,1579.70458984375,1.9800355322224088
670,2022-11-02,1579.70458984375,1519.7117919921875,1.278053294825619
671,2022-11-03,1519.7117919921875,1531.541748046875,1.287104256050445
672,2022-11-04,1531.541748046875,1645.0933837890625,2.620716234605116
673,2022-11-05,1645.0933837890625,1627.968017578125,2.608329133829219
674,2022-11-06,1627.968017578125,1572.2347412109375,1.9863212991444064
675,2022-11-07,1572.2347412109375,1568.59130859375,2.500170390123861
676,2022-11-08,1568.59130859375,1332.8355712890625,3.0652563196739537
677,2022-11-09,1332.8355712890625,1100.1697998046875,2.4688811154254564
678,2022-11-10,1100.1697998046875,1299.464599609375,2.421943703498114
679,2022-11-11,1299.464599609375,1287.2210693359375,2.573976992358765
680,2022-11-12,1287.2210693359375,1255.268310546875,2.443133473734524
681,2022-11-13,1255.268310546875,1221.8192138671875,2.618326035676284
682,2022-11-14,1221.8192138671875,1241.604248046875,2.6544361212020533
683,2022-11-15,1241.604248046875,1251.7362060546875,2.591279393708053
684,2022-11-16,1251.7362060546875,1215.6025390625,3.449999949998233
685,2022-11-17,1215.6025390625,1200.80859375,1.6705648847374752
686,2022-11-18,1200.80859375,1212.30029296875,2.798843769169209
687,2022-11-19,1212.30029296875,1218.4267578125,1.6405286835925603
688,2022-11-20,1218.4267578125,1142.4666748046875,2.602196614056234
689,2022-11-21,1142.4666748046875,1108.35302734375,2.9806737838233706
690,2022-11-22,1108.35302734375,1135.1734619140625,2.637854771113928
691,2022-11-23,1135.1734619140625,1183.1995849609375,2.6567878634142525
692,2022-11-24,1183.1995849609375,1203.983154296875,2.450772531175978
693,2022-11-25,1203.983154296875,1198.9259033203125,2.541955440155332
694,2022-11-26,1198.9259033203125,1205.89794921875,2.6904585441304416
695,2022-11-27,1205.89794921875,1195.126953125,2.495233122586102
696,2022-11-28,1195.126953125,1170.086181640625,2.6268593259616635
697,2022-11-29,1170.086181640625,1216.9012451171875,2.558452284253384
698,2022-11-30,1216.9012451171875,1295.6885986328125,2.329169741635241
699,2022-12-01,1295.6885986328125,1276.27392578125,3.294085347038046
700,2022-12-02,1276.27392578125,1294.3033447265625,4.236312788840483
701,2022-12-03,1294.3033447265625,1243.3348388671875,2.8025618578898763
702,2022-12-04,1243.3348388671875,1280.256591796875,2.4535850746761008
703,2022-12-05,1280.256591796875,1259.6767578125,2.5592969280298
704,2022-12-06,1259.6767578125,1271.65380859375,3.1740852185349
705,2022-12-07,1271.65380859375,1232.4375,2.501028478160925
706,2022-12-08,1232.4375,1281.1163330078125,2.516703041797244
707,2022-12-09,1281.1163330078125,1264.2847900390625,2.52670161315724
708,2022-12-10,1264.2847900390625,1266.3841552734375,2.66758112602488
709,2022-12-11,1266.3841552734375,1263.8685302734375,4.342625223738375
710,2022-12-12,1263.8685302734375,1274.6190185546875,3.2364956946819112
711,2022-12-13,1274.6190185546875,1320.5491943359375,0.0846616790418452
712,2022-12-14,1320.5491943359375,1309.3287353515625,2.545351572672662
713,2022-12-15,1309.3287353515625,1266.3538818359375,2.542261329625445
714,2022-12-16,1266.3538818359375,1168.2593994140625,2.8600747371004385
715,2022-12-17,1168.2593994140625,1188.1495361328125,2.726265407058318
716,2022-12-18,1188.1495361328125,1184.7152099609375,1.9783651207435289
717,2022-12-19,1184.7152099609375,1167.60986328125,2.8246314972115623
718,2022-12-20,1167.60986328125,1217.70361328125,2.378947986650053
719,2022-12-21,1217.70361328125,1213.5999755859375,2.53856128971936
720,2022-12-22,1213.5999755859375,1218.18212890625,1.7213737085205745
721,2022-12-23,1218.18212890625,1220.159423828125,2.588399690740555
722,2022-12-24,1220.159423828125,1221.1485595703125,2.6190567149650694
723,2022-12-25,1221.1485595703125,1218.9620361328125,2.559851193097577
724,2022-12-26,1218.9620361328125,1226.974365234375,1.5758540094371547
725,2022-12-27,1226.974365234375,1212.7916259765625,2.7926139118572486
726,2022-12-28,1212.7916259765625,1189.986083984375,2.633547965321793
727,2022-12-29,1189.986083984375,1201.5953369140625,2.2948283920744594
728,2022-12-30,1201.5953369140625,1199.2327880859375,2.5860727568709727
729,2022-12-31,1199.2327880859375,1196.771240234375,2.478789423480039
730,2023-01-01,1196.771240234375,1200.96484375,2.5468383541802293
