,dates,sentiment,pre_volu_eth,close_eth,previous_close_eth
1,2021-01-02,0.6491644629554961,0.19740771179,0.7745349731445312,0.7303675537109375
2,2021-01-03,1.1666833180936051,0.45200463368,0.9755076904296877,0.7745349731445312
3,2021-01-04,2.451676388478732,0.56945985763,0.10402330322265625,0.9755076904296877
4,2021-01-05,2.517741695310797,0.41535932781,0.1100006103515625,0.10402330322265625
5,2021-01-06,2.8363388079126963,0.44699914188,0.12071121826171875,0.1100006103515625
6,2021-01-07,2.6248063165665614,0.4046802728,0.12256781005859375,0.12071121826171875
7,2021-01-08,2.526740037326568,0.44334826666,0.12241971435546875,0.12256781005859375
8,2021-01-09,2.766810131697621,0.33233105361,0.12810772705078124,0.12241971435546875
9,2021-01-10,2.475204990053028,0.40616938053,0.12622467041015625,0.12810772705078124
10,2021-01-11,2.521939216091334,0.607336303,0.10901453857421875,0.12622467041015625
11,2021-01-12,2.70155854977643,0.37494601692,0.10434345703125,0.10901453857421875
12,2021-01-13,2.505020154583974,0.30109792795,0.11307393798828125,0.10434345703125
13,2021-01-14,2.7431575221920963,0.33410915929,0.12184530029296875,0.11307393798828125
14,2021-01-15,2.597822094132887,0.3597203931,0.11718345947265625,0.12184530029296875
15,2021-01-16,2.3449463990715205,0.32319240157,0.123353759765625,0.11718345947265625
16,2021-01-17,2.769222935804516,0.29258032819,0.12301722412109375,0.123353759765625
17,2021-01-18,2.556026572601888,0.2581745556,0.1257279541015625,0.12301722412109375
18,2021-01-19,2.549876103925494,0.4719593519,0.13772958984375,0.1257279541015625
19,2021-01-20,3.168990753694956,0.46784030909,0.13822740478515624,0.13772958984375
20,2021-01-21,2.933776718373112,0.45932464754,0.11215709228515625,0.13822740478515624
21,2021-01-22,2.6463068035875708,0.43918338506,0.123651220703125,0.11215709228515625
22,2021-01-23,2.58327778599732,0.27253895441,0.12309906005859375,0.123651220703125
23,2021-01-24,2.5172324481194086,0.36418163554,0.1391609375,0.12309906005859375
24,2021-01-25,1.6664237156428898,0.43565777745,0.1324414794921875,0.1391609375
25,2021-01-26,3.577322603731628,0.4157291775,0.135705810546875,0.1324414794921875
26,2021-01-27,2.526358421891928,0.3939441699,0.12531871337890624,0.135705810546875
27,2021-01-28,1.5794661704833317,0.34637234789,0.13324921875,0.12531871337890624
28,2021-01-29,2.575430853416796,0.53611955259,0.13825228271484374,0.13324921875
29,2021-01-30,2.462532772449166,0.30616574234,0.1376115478515625,0.13825228271484374
30,2021-01-31,2.7955689014790006,0.25198853581,0.13149862060546874,0.1376115478515625
31,2021-02-01,2.5834478305973843,0.2921067092,0.136904052734375,0.13149862060546874
32,2021-02-02,2.4989613704228604,0.45437142801,0.15151937255859374,0.136904052734375
33,2021-02-03,1.955793150098673,0.41874566399,0.16609095458984374,0.15151937255859374
34,2021-02-04,2.717612109793655,0.44396871836,0.15947626953125,0.16609095458984374
35,2021-02-05,2.6232971935088947,0.40108628454,0.171865087890625,0.15947626953125
36,2021-02-06,2.6662882044964253,0.39873420648,0.16778468017578124,0.171865087890625
37,2021-02-07,2.783643607158175,0.39889440151,0.1614227783203125,0.16778468017578124
38,2021-02-08,2.355266769534941,0.48012285956,0.17466168212890626,0.1614227783203125
39,2021-02-09,2.496769330578638,0.44180727529,0.17680350341796874,0.17466168212890626
40,2021-02-10,2.651138089553839,0.41916084617,0.1744243408203125,0.17680350341796874
41,2021-02-11,2.2718774933833257,0.36021495262,0.17837979736328125,0.1744243408203125
42,2021-02-12,2.649273047390995,0.37905036865,0.18435325927734372,0.17837979736328125
43,2021-02-13,2.6775120320377863,0.35359490535,0.181410986328125,0.18435325927734372
44,2021-02-14,2.577302545385655,0.314391149,0.18050841064453124,0.181410986328125
45,2021-02-15,2.10556550833064,0.38955610883,0.1779791015625,0.18050841064453124
46,2021-02-16,2.977647575930307,0.34269369268,0.17810675048828126,0.1779791015625
47,2021-02-17,2.6472952934560685,0.35955412703,0.1848458251953125,0.17810675048828126
48,2021-02-18,2.5817044812186887,0.28255902969,0.193744921875,0.1848458251953125
49,2021-02-19,2.435435784527596,0.26268814253,0.1960164794921875,0.193744921875
50,2021-02-20,2.659838159980801,0.34696091102,0.19195340576171874,0.1960164794921875
51,2021-02-21,1.1235141731144085,0.23626547717,0.193560107421875,0.19195340576171874
52,2021-02-22,4.364252626845398,0.42409646036,0.1781992919921875,0.193560107421875
53,2021-02-23,2.11439069519554,0.52029864713,0.15702039794921874,0.1781992919921875
54,2021-02-24,1.1048507959012002,0.31329000537,0.162657568359375,0.15702039794921874
55,2021-02-25,2.832369147908246,0.24481681873,0.14757037353515626,0.162657568359375
56,2021-02-26,2.49488043630907,0.31435997881,0.144603369140625,0.14757037353515626
57,2021-02-27,4.529050490884468,0.20742103233,0.145997314453125,0.144603369140625
58,2021-02-28,4.7164031417300505,0.2763702608,0.14160489501953125,0.145997314453125
59,2021-03-01,2.3373512554436964,0.24032838645,0.15647076416015626,0.14160489501953125
60,2021-03-02,3.224433562431954,0.22523669722,0.14926087646484376,0.15647076416015626
61,2021-03-03,2.500649937458799,0.2267478068,0.15758531494140626,0.14926087646484376
62,2021-03-04,2.501305788631999,0.22906118718,0.1541914306640625,0.15758531494140626
63,2021-03-05,1.823033640714272,0.21067146937,0.15332750244140625,0.1541914306640625
64,2021-03-06,2.578211814573395,0.22746262366,0.16547415771484375,0.15332750244140625
65,2021-03-07,2.78704266063869,0.2380993541,0.172315380859375,0.16547415771484375
66,2021-03-08,2.58640157989106,0.27630991158,0.18347279052734372,0.172315380859375
67,2021-03-09,3.2876691914055614,0.23461244507,0.1868048828125,0.18347279052734372
68,2021-03-10,2.4221129281698084,0.25154173185,0.1799166259765625,0.1868048828125
69,2021-03-11,2.6118552561806347,0.24013132909,0.18261949462890625,0.1799166259765625
70,2021-03-12,2.5087250205469305,0.22435821312,0.17721024169921876,0.18261949462890625
71,2021-03-13,2.2942409835326747,0.25014689475,0.19246854248046874,0.17721024169921876
72,2021-03-14,2.8949970381755423,0.19344589211,0.18545643310546875,0.19246854248046874
73,2021-03-15,2.3931005597114563,0.2624473881,0.17917022705078126,0.18545643310546875
74,2021-03-16,2.5746160955435102,0.2382850959,0.18069718017578126,0.17917022705078126
75,2021-03-17,2.456611230926496,0.24512917348,0.18234493408203126,0.18069718017578126
76,2021-03-18,2.683957428126576,0.23263845504,0.17828551025390624,0.18234493408203126
77,2021-03-19,2.592926347545572,0.2124929771,0.18176241455078124,0.17828551025390624
78,2021-03-20,2.555297945829309,0.2267767497,0.18126346435546875,0.18176241455078124
79,2021-03-21,3.6533505291414095,0.2297740462,0.1788217041015625,0.18126346435546875
80,2021-03-22,1.4812845885790598,0.23599296129,0.1691333984375,0.1788217041015625
81,2021-03-23,2.5881814378161407,0.21998237965,0.1678650146484375,0.1691333984375
82,2021-03-24,2.568740670574147,0.31228051473,0.15934134521484375,0.1678650146484375
83,2021-03-25,2.556293854082877,0.29650328701,0.15953592529296876,0.15934134521484375
84,2021-03-26,2.576681924927042,0.22548516548,0.1702842041015625,0.15953592529296876
85,2021-03-27,2.429197153814477,0.1810227771,0.171649462890625,0.1702842041015625
86,2021-03-28,2.5821969436022987,0.16599472938,0.169135595703125,0.171649462890625
87,2021-03-29,2.653529092816311,0.22796570548,0.18196849365234372,0.169135595703125
88,2021-03-30,4.760677464051235,0.22512781703,0.184603369140625,0.18196849365234372
89,2021-03-31,3.1613339307084645,0.30226902621,0.1918362060546875,0.184603369140625
90,2021-04-01,2.507093957895153,0.30914259795,0.197727685546875,0.1918362060546875
91,2021-04-02,1.6550155554501411,0.34862511022,0.21432255859375,0.197727685546875
92,2021-04-03,3.0151542348844784,0.32011518871,0.20284224853515626,0.21432255859375
93,2021-04-04,2.412854169627856,0.26006501902,0.2093122802734375,0.20284224853515626
94,2021-04-05,2.3215717845615047,0.2888939117,0.210788720703125,0.2093122802734375
95,2021-04-06,1.4529029834009843,0.29222865881,0.211837890625,0.210788720703125
96,2021-04-07,2.585989164909084,0.36116271935,0.19710772705078125,0.211837890625
97,2021-04-08,2.596402441559936,0.25312956529,0.208857373046875,0.19710772705078125
98,2021-04-09,2.6660607521535127,0.19812472092,0.207210888671875,0.208857373046875
99,2021-04-10,2.70905835966226,0.24986243611,0.2135942138671875,0.207210888671875
100,2021-04-11,2.758689193889247,0.19692836132,0.2157656982421875,0.2135942138671875
101,2021-04-12,2.5611790250012016,0.21727936609,0.2139353271484375,0.2157656982421875
102,2021-04-13,2.6134036841044948,0.29456642939,0.2299187744140625,0.2139353271484375
103,2021-04-14,2.4022353029492143,0.35592822986,0.243510498046875,0.2299187744140625
104,2021-04-15,2.7616213149731967,0.32325606817,0.25191162109375,0.243510498046875
105,2021-04-16,2.6106463664469834,0.36196928256,0.2431946533203125,0.25191162109375
106,2021-04-17,2.5130430423209185,0.32349808978,0.234489501953125,0.2431946533203125
107,2021-04-18,2.863056316191764,0.50696368718,0.2237136962890625,0.234489501953125
108,2021-04-19,2.482360959981388,0.34060654971,0.2166188720703125,0.2237136962890625
109,2021-04-20,3.340119856074006,0.39433483315,0.23302109375,0.2166188720703125
110,2021-04-21,2.3747364878811545,0.38899067643,0.2364751708984375,0.23302109375
111,2021-04-22,2.368258697616483,0.53575904724,0.240353515625,0.2364751708984375
112,2021-04-23,2.3641919416615416,0.55413933925,0.2363586181640625,0.240353515625
113,2021-04-24,2.618728134240494,0.31854226936,0.2211625732421875,0.2363586181640625
114,2021-04-25,2.6902058297950666,0.31814355546,0.23160595703125,0.2211625732421875
115,2021-04-26,2.7188018506854634,0.35208325408,0.2534481689453125,0.23160595703125
116,2021-04-27,2.645324961070415,0.32275969215,0.2662865234375,0.2534481689453125
117,2021-04-28,2.569368681741192,0.34269031076,0.2746380126953125,0.2662865234375
118,2021-04-29,2.454286689454925,0.3257812799,0.2756876953125,0.2746380126953125
119,2021-04-30,2.6482749483708763,0.29777179889,0.277320703125,0.2756876953125
120,2021-05-01,2.626001910916022,0.28726205272,0.2945892822265625,0.277320703125
121,2021-05-02,2.2970719603010563,0.28032013047,0.295205615234375,0.2945892822265625
122,2021-05-03,2.642207384364037,0.49174290212,0.3431086181640625,0.295205615234375
123,2021-05-04,2.426076718776275,0.62402045158,0.325362939453125,0.3431086181640625
124,2021-05-05,2.526851739156912,0.48334198383,0.3522783203125,0.325362939453125
125,2021-05-06,4.723431988045707,0.44300394788,0.349088037109375,0.3522783203125
126,2021-05-07,1.3735022803163368,0.39607240515,0.348472900390625,0.349088037109375
127,2021-05-08,2.8258834585020867,0.50208491286,0.3902647705078125,0.348472900390625
128,2021-05-09,2.588317045508482,0.50568290278,0.39288447265625,0.3902647705078125
129,2021-05-10,2.579552943395166,0.62691789007,0.39522939453125,0.39288447265625
130,2021-05-11,2.15789256362537,0.52679737865,0.4168701171875,0.39522939453125
131,2021-05-12,2.351998364764029,0.69023382175,0.37858486328125,0.4168701171875
132,2021-05-13,2.41424607856204,0.78398214539,0.37151484375,0.37858486328125
133,2021-05-14,2.5067998391325608,0.48174271215,0.4079057373046875,0.37151484375
134,2021-05-15,2.5300445605086,0.42422321751,0.36381220703125,0.4079057373046875
135,2021-05-16,2.4866667971615493,0.47359478734,0.3587506103515625,0.36381220703125
136,2021-05-17,2.4875598544005344,0.54061732774,0.3282397705078125,0.3587506103515625
137,2021-05-18,2.8962427098093446,0.40416525218,0.3380070068359375,0.3282397705078125
138,2021-05-19,2.2801852444464625,0.84482912776,0.246067919921875,0.3380070068359375
139,2021-05-20,2.494919632325278,0.6761082668,0.2784294189453125,0.246067919921875
140,2021-05-21,2.47335190288022,0.53774070802,0.2430621337890625,0.2784294189453125
141,2021-05-22,2.6662458169427348,0.4208993766,0.229570556640625,0.2430621337890625
142,2021-05-23,3.2759193399691995,0.56005721977,0.2109579833984375,0.229570556640625
143,2021-05-24,2.4349224198529438,0.5369712174,0.2643591064453125,0.2109579833984375
144,2021-05-25,2.538214439827424,0.49558333256,0.270662890625,0.2643591064453125
145,2021-05-26,2.6130910374033083,0.4249976602,0.288869873046875,0.270662890625
146,2021-05-27,2.707858557530728,0.33373635283,0.2736488525390625,0.288869873046875
147,2021-05-28,2.2356690671839443,0.39999114805,0.241990625,0.2736488525390625
148,2021-05-29,2.436434704163821,0.3377372022,0.227951416015625,0.241990625
149,2021-05-30,2.8648548697977283,0.25876619428,0.2390305419921875,0.227951416015625
150,2021-05-31,2.647200531906966,0.3100738315,0.27149453125,0.2390305419921875
151,2021-06-01,2.6891389445293283,0.2736322309,0.2633518310546875,0.27149453125
152,2021-06-02,2.6960150142618247,0.27723267359,0.2706125,0.2633518310546875
153,2021-06-03,2.4537464062218963,0.30038207402,0.285512646484375,0.2706125
154,2021-06-04,2.4608958505602407,0.34173841611,0.2688195068359375,0.285512646484375
155,2021-06-05,2.127296313789904,0.30496672724,0.2630576904296875,0.2688195068359375
156,2021-06-06,2.5474130677157723,0.25311639414,0.27150927734375,0.2630576904296875
157,2021-06-07,2.355773477600424,0.30600111277,0.259026318359375,0.27150927734375
158,2021-06-08,2.031108106511517,0.41909736778,0.2517438720703125,0.259026318359375
159,2021-06-09,2.5748737660569283,0.36075832186,0.260826708984375,0.2517438720703125
160,2021-06-10,3.001637005135304,0.2875362639,0.24715185546875,0.260826708984375
161,2021-06-11,2.54357183184364,0.24832564195,0.2353768798828125,0.24715185546875
162,2021-06-12,2.3718019132373565,0.2572436441,0.2372484375,0.2353768798828125
163,2021-06-13,2.617858581501125,0.2709294537,0.25083916015625,0.2372484375
164,2021-06-14,2.5256415773979874,0.26964576331,0.253789111328125,0.25083916015625
165,2021-06-15,2.715375246468119,0.29005279219,0.2610936767578125,0.253789111328125
166,2021-06-16,2.436174422311596,0.2410192618,0.236766357421875,0.2610936767578125
167,2021-06-17,1.9214016292897709,0.21871633186,0.2372001953125,0.236766357421875
168,2021-06-18,2.189619388330518,0.22752818388,0.2231733154296875,0.2372001953125
169,2021-06-19,2.614098375276683,0.18765854896,0.21784990234375,0.2231733154296875
170,2021-06-20,2.826545222716801,0.22535930423,0.2246364501953125,0.21784990234375
171,2021-06-21,2.6150193778893644,0.33745173825,0.1888447509765625,0.2246364501953125
172,2021-06-22,2.455375829843767,0.35547251725,0.18749500732421875,0.1888447509765625
173,2021-06-23,1.7319176604139457,0.28408659206,0.1989736328125,0.18749500732421875
174,2021-06-24,0.9455771386927792,0.20272845769,0.1988456298828125,0.1989736328125
175,2021-06-25,4.681687040726852,0.22774334998,0.181321728515625,0.1988456298828125
176,2021-06-26,2.677139418391385,0.20637542361,0.18292392578125,0.181321728515625
177,2021-06-27,2.619460867715743,0.19885474742,0.19788946533203125,0.18292392578125
178,2021-06-28,2.463867203668997,0.25514602841,0.2079657470703125,0.19788946533203125
179,2021-06-29,2.615156032997468,0.24815124419,0.2160768310546875,0.2079657470703125
180,2021-06-30,2.5352132910678056,0.25828056268,0.2274547607421875,0.2160768310546875
181,2021-07-01,2.671450525522232,0.29061701793,0.211360546875,0.2274547607421875
182,2021-07-02,1.78539520529294,0.31796212554,0.2150040283203125,0.211360546875
183,2021-07-03,2.1161006548423806,0.17433361641,0.22261142578125,0.2150040283203125
184,2021-07-04,2.876442247394097,0.18787107473,0.232172412109375,0.22261142578125
185,2021-07-05,2.945936368425563,0.20103794829,0.219858251953125,0.232172412109375
186,2021-07-06,2.648383608454606,0.20891861314,0.2324679443359375,0.219858251953125
187,2021-07-07,3.2593872621752027,0.22398345285,0.2315161865234375,0.2324679443359375
188,2021-07-08,2.4244613584211265,0.23188123689,0.21200263671875,0.2315161865234375
189,2021-07-09,1.7637799197998631,0.23029574602,0.21466923828125,0.21200263671875
190,2021-07-10,2.6989465065065,0.17581542471,0.2111403564453125,0.21466923828125
191,2021-07-11,2.575942320660885,0.14705386138,0.2139664794921875,0.2111403564453125
192,2021-07-12,2.579572516972891,0.17768129077,0.20367210693359372,0.2139664794921875
193,2021-07-13,2.468470836981262,0.16621628658,0.1940083984375,0.20367210693359372
194,2021-07-14,2.540729667397515,0.17342819679,0.1994331298828125,0.1940083984375
195,2021-07-15,3.036590715707346,0.15688092552,0.19111756591796875,0.1994331298828125
196,2021-07-16,2.6343707095362774,0.14884569147,0.18803829345703124,0.19111756591796875
197,2021-07-17,3.9083138258336008,0.13364282076,0.18988251953125,0.18803829345703124
198,2021-07-18,2.778585144950801,0.13791868728,0.18955521240234371,0.18988251953125
199,2021-07-19,2.760751275628015,0.14157735481,0.1817296630859375,0.18955521240234371
200,2021-07-20,2.709791631229454,0.17368597636,0.17875107421875,0.1817296630859375
201,2021-07-21,2.594756581399884,0.21253359756,0.19909708251953126,0.17875107421875
202,2021-07-22,1.6503580281630987,0.17495480331,0.20252027587890625,0.19909708251953126
203,2021-07-23,2.598916725858733,0.16200392492,0.2124776611328125,0.20252027587890625
204,2021-07-24,2.475446982369986,0.16057446601,0.218921875,0.2124776611328125
205,2021-07-25,2.5300445605086,0.14566483636,0.2191373779296875,0.218921875
206,2021-07-26,2.5417189134219367,0.29614324233,0.223336669921875,0.2191373779296875
207,2021-07-27,2.582307323950854,0.23067480378,0.229833349609375,0.223336669921875
208,2021-07-28,2.2779900593103903,0.18991302378,0.229654541015625,0.229833349609375
209,2021-07-29,0.4480758448833186,0.16313373113,0.2380956787109375,0.229654541015625
210,2021-07-30,1.9452106058586072,0.20212848934,0.246696142578125,0.2380956787109375
211,2021-07-31,2.811533842356784,0.18001710283,0.25362099609375,0.246696142578125
212,2021-08-01,2.432562840747173,0.22697987055,0.256185205078125,0.25362099609375
213,2021-08-02,2.518308926100896,0.22162754104,0.26101533203125,0.256185205078125
214,2021-08-03,2.6698178870793248,0.22696753413,0.2502349609375,0.26101533203125
215,2021-08-04,1.861496272933746,0.25038698173,0.2724619873046875,0.2502349609375
216,2021-08-05,2.5007468508792976,0.31057928075,0.2827328857421875,0.2724619873046875
217,2021-08-06,2.6541490686769347,0.26528577879,0.2890941650390625,0.2827328857421875
218,2021-08-07,3.032669433323796,0.33081467129,0.315723876953125,0.2890941650390625
219,2021-08-08,2.958752780855698,0.28433638008,0.3013732666015625,0.315723876953125
220,2021-08-09,2.3627659185353087,0.31983260936,0.3167856201171875,0.3013732666015625
221,2021-08-10,2.760220850200211,0.2760522171,0.3141691162109375,0.3167856201171875
222,2021-08-11,2.34121171396701,0.26729035052,0.31642451171875,0.3141691162109375
223,2021-08-12,2.419772727796356,0.25403699845,0.3043414306640625,0.31642451171875
224,2021-08-13,2.5583212816610645,0.23868866254,0.3322211669921875,0.3043414306640625
225,2021-08-14,2.6404088575729907,0.19860862133,0.3265443359375,0.3322211669921875
226,2021-08-15,2.6752902558260065,0.22166205051,0.3310504150390625,0.3265443359375
227,2021-08-16,2.569116033612413,0.23080039949,0.3156509521484375,0.3310504150390625
228,2021-08-17,2.795485239015485,0.25509056745,0.3014845947265625,0.3156509521484375
229,2021-08-18,2.600355687988735,0.21539248425,0.302008984375,0.3014845947265625
230,2021-08-19,2.6491861005748234,0.1954629036,0.31827021484375,0.302008984375
231,2021-08-20,2.065560547974891,0.20885619828,0.3286935302734375,0.31827021484375
232,2021-08-21,2.637452924486765,0.18113977628,0.3226083984375,0.3286935302734375
233,2021-08-22,2.5569368838201685,0.1598327846,0.3242115478515625,0.3226083984375
234,2021-08-23,2.5075126545009563,0.20511110509,0.331925732421875,0.3242115478515625
235,2021-08-24,2.479813326941032,0.20131028906,0.3172456298828125,0.331925732421875
236,2021-08-25,2.1867206803637056,0.18902728235,0.3224915283203125,0.3172456298828125
237,2021-08-26,2.437675796330477,0.17405668117,0.3100325439453125,0.3224915283203125
238,2021-08-27,2.519725407854716,0.18489602004,0.3270600830078125,0.3100325439453125
239,2021-08-28,2.195430731424127,0.13709633698,0.32444033203125,0.3270600830078125
240,2021-08-29,2.5314057366822733,0.13296586731,0.3227002685546875,0.32444033203125
241,2021-08-30,2.41200865182825,0.19306924485,0.3224374267578125,0.3227002685546875
242,2021-08-31,2.591384457751269,0.27280502987,0.3433732666015625,0.3224374267578125
243,2021-09-01,2.185091767603649,0.30070890104,0.3834828125,0.3433732666015625
244,2021-09-02,2.636222774971345,0.2438739733,0.3790989990234375,0.3834828125
245,2021-09-03,2.713341513073685,0.26207765094,0.394061474609375,0.3790989990234375
246,2021-09-04,1.7051292293874345,0.20806963328,0.3887828369140625,0.394061474609375
247,2021-09-05,2.493733983269307,0.18371468576,0.3952133544921875,0.3887828369140625
248,2021-09-06,2.5962039964291765,0.18674691198,0.392837939453125,0.3952133544921875
249,2021-09-07,1.399609702837178,0.39131346397,0.3426394287109375,0.392837939453125
250,2021-09-08,2.362251318648335,0.31738430771,0.3497315185546875,0.3426394287109375
251,2021-09-09,2.8169935196557274,0.24118055831,0.3427340087890625,0.3497315185546875
252,2021-09-10,2.589985154620972,0.22355974097,0.3211505859375,0.3427340087890625
253,2021-09-11,2.597415646370353,0.18627122934,0.3270278076171875,0.3211505859375
254,2021-09-12,2.5703161190629307,0.16810411424,0.3410134521484375,0.3270278076171875
255,2021-09-13,1.838798295490076,0.22721552948,0.328551171875,0.3410134521484375
256,2021-09-14,2.53180157274747,0.19125420848,0.3429169677734375,0.328551171875
257,2021-09-15,2.6247795534644065,0.17548551804,0.361528271484375,0.3429169677734375
258,2021-09-16,2.778920922781684,0.20093903064,0.3571294921875,0.361528271484375
259,2021-09-17,2.667284582798444,0.17722363229,0.3398538818359375,0.3571294921875
260,2021-09-18,2.9308049693628977,0.15995220233,0.3432018310546875,0.3398538818359375
261,2021-09-19,2.5077649017489074,0.14257609743,0.3329447998046875,0.3432018310546875
262,2021-09-20,2.800205720609156,0.27371684581,0.2958993408203125,0.3329447998046875
263,2021-09-21,2.6955998866543616,0.30405062665,0.276443115234375,0.2958993408203125
264,2021-09-22,2.6284912391235915,0.23742102645,0.3077867919921875,0.276443115234375
265,2021-09-23,2.4367950413589163,0.18516291047,0.3155523681640625,0.3077867919921875
266,2021-09-24,2.6733462217455903,0.25595422789,0.2931669189453125,0.3155523681640625
267,2021-09-25,2.690971892330287,0.18932786754,0.2925565673828125,0.2931669189453125
268,2021-09-26,2.665383440737907,0.2117276631,0.3062265380859375,0.2925565673828125
269,2021-09-27,2.588929115503624,0.19164053681,0.2934138916015625,0.3062265380859375
270,2021-09-28,2.661567890444036,0.1689507907,0.2807296630859375,0.2934138916015625
271,2021-09-29,2.3475002102181346,0.15763456158,0.2853143310546875,0.2807296630859375
272,2021-09-30,2.569909748481628,0.17661065099,0.3001678955078125,0.2853143310546875
273,2021-10-01,2.7498818895665424,0.22307625573,0.330751611328125,0.3001678955078125
274,2021-10-02,2.6406174198672323,0.19202671704,0.33916943359375,0.330751611328125
275,2021-10-03,2.525158475124071,0.15516566862,0.3418358642578125,0.33916943359375
276,2021-10-04,2.634360761520269,0.17747154101,0.3380089111328125,0.3418358642578125
277,2021-10-05,2.4006351059809914,0.1663259167,0.35185185546875,0.3380089111328125
278,2021-10-06,2.6230985338097783,0.21855226591,0.358056201171875,0.35185185546875
279,2021-10-07,1.946825826453124,0.19090322927,0.3587974853515625,0.358056201171875
280,2021-10-08,2.24605917354542,0.16222029488,0.356375927734375,0.3587974853515625
281,2021-10-09,2.71946736661144,0.12707036942,0.3575716796875,0.356375927734375
282,2021-10-10,2.3694927484257877,0.16171746693,0.3425852783203125,0.3575716796875
283,2021-10-11,2.5240942984823884,0.18579189588,0.354535400390625,0.3425852783203125
284,2021-10-12,2.538373650127386,0.18109578443,0.34925732421875,0.354535400390625
285,2021-10-13,2.9511240837828345,0.16211275589,0.360620166015625,0.34925732421875
286,2021-10-14,2.998348546848302,0.19443499909,0.378601416015625,0.360620166015625
287,2021-10-15,2.64690817188042,0.20966841512,0.3862634765625,0.378601416015625
288,2021-10-16,2.499480606437156,0.16578095629,0.3830382080078125,0.3862634765625
289,2021-10-17,2.581422852140311,0.15908090346,0.38471044921875,0.3830382080078125
290,2021-10-18,2.6532536392849035,0.17386204158,0.374876025390625,0.38471044921875
291,2021-10-19,2.4214259543097474,0.15998757133,0.387765087890625,0.374876025390625
292,2021-10-20,2.68509681822963,0.20338319988,0.41559921875,0.387765087890625
293,2021-10-21,2.1052096148045734,0.2822066182,0.405432275390625,0.41559921875
294,2021-10-22,2.5313616623886217,0.19432937968,0.3970181884765625,0.405432275390625
295,2021-10-23,2.6500139479610465,0.14781537792,0.417166357421875,0.3970181884765625
296,2021-10-24,2.4745830365857344,0.14978083638,0.4087903076171875,0.417166357421875
297,2021-10-25,2.4016042702507385,0.1599572704,0.4217876953125,0.4087903076171875
298,2021-10-26,2.64087649149015,0.17157714562,0.413110205078125,0.4217876953125
299,2021-10-27,2.559564091034401,0.26219530404,0.393025732421875,0.413110205078125
300,2021-10-28,2.7629668745105755,0.25958154575,0.428731884765625,0.393025732421875
301,2021-10-29,2.678827326838769,0.22967641914,0.441474658203125,0.428731884765625
302,2021-10-30,2.5615298480552187,0.14615490626,0.4325650390625,0.441474658203125
303,2021-10-31,1.991953931733281,0.17498160238,0.428807421875,0.4325650390625
304,2021-11-01,2.619463510228354,0.17985288261,0.4324626953125,0.428807421875
305,2021-11-02,2.9505994502699275,0.20794448222,0.4584798828125,0.4324626953125
306,2021-11-03,2.652060837461607,0.21220463155,0.460719384765625,0.4584798828125
307,2021-11-04,2.6359398320057044,0.18415244464,0.453732421875,0.460719384765625
308,2021-11-05,2.7230628242672394,0.15086003586,0.44862431640625,0.453732421875
309,2021-11-06,2.606606146664395,0.144290767,0.45215810546875,0.44862431640625
310,2021-11-07,2.567588814582374,0.13541376033,0.46205546875,0.45215810546875
311,2021-11-08,2.838788591875094,0.19290896267,0.481208740234375,0.46205546875
312,2021-11-09,2.6220778584213704,0.20834172627,0.473506884765625,0.481208740234375
313,2021-11-10,2.8468053749051494,0.22748160545,0.463617431640625,0.473506884765625
314,2021-11-11,2.662039899185624,0.17933201129,0.473038427734375,0.463617431640625
315,2021-11-12,2.7649978620689573,0.18316060208,0.4667115234375,0.473038427734375
316,2021-11-13,2.5350214042130785,0.14457436261,0.465146044921875,0.4667115234375
317,2021-11-14,2.5449824701581254,0.12172962219,0.462635888671875,0.465146044921875
318,2021-11-15,2.585486327980916,0.16275851299,0.455750390625,0.462635888671875
319,2021-11-16,2.8632042917126626,0.27417502801,0.4216365234375,0.455750390625
320,2021-11-17,2.452158979116438,0.2218346185,0.428759375,0.4216365234375
321,2021-11-18,2.434137524694597,0.21383250893,0.400065087890625,0.428759375
322,2021-11-19,2.546416430816938,0.20626269711,0.4298306640625,0.400065087890625
323,2021-11-20,1.987317675098151,0.15448261277,0.440993115234375,0.4298306640625
324,2021-11-21,2.6324976842217183,0.14094831413,0.426973291015625,0.440993115234375
325,2021-11-22,2.514425768841129,0.19752218877,0.4088457763671875,0.426973291015625
326,2021-11-23,2.6041391490943173,0.22133497059,0.4340763671875,0.4088457763671875
327,2021-11-24,2.6682099928498184,0.21838037128,0.42399814453125,0.4340763671875
328,2021-11-25,2.57392275196127,0.18705358318,0.42747431640625,0.42399814453125
329,2021-11-26,2.3732045808567506,0.26281795488,0.4030908935546875,0.42747431640625
330,2021-11-27,2.4207349861277057,0.16515693874,0.4096912109375,0.4030908935546875
331,2021-11-28,2.698182955006582,0.1595312634,0.429445361328125,0.4096912109375
332,2021-11-29,2.5853254819984035,0.19086475837,0.444510498046875,0.429445361328125
333,2021-11-30,2.5612714797743563,0.28626354111,0.463147900390625,0.444510498046875
334,2021-12-01,2.516285646336709,0.27634826695,0.4586990234375,0.463147900390625
335,2021-12-02,2.4312795742066085,0.21502671027,0.451130224609375,0.4586990234375
336,2021-12-03,2.7037572312329314,0.25879591528,0.42207060546875,0.451130224609375
337,2021-12-04,2.5195602351282247,0.38478999182,0.411958740234375,0.42207060546875
338,2021-12-05,2.6165758888210195,0.25533062707,0.419832275390625,0.411958740234375
339,2021-12-06,2.732769920715581,0.28229518513,0.43587373046875,0.419832275390625
340,2021-12-07,2.9669849592621653,0.22366213354,0.43150615234375,0.43587373046875
341,2021-12-08,2.598635632922643,0.18704315119,0.443935791015625,0.43150615234375
342,2021-12-09,2.707426969549114,0.22296131874,0.411981591796875,0.443935791015625
343,2021-12-10,2.771599339399467,0.28014595631,0.390849609375,0.411981591796875
344,2021-12-11,2.77823737906988,0.19131502454,0.4084452392578125,0.390849609375
345,2021-12-12,2.7992794988218,0.14057603914,0.4134453125,0.4084452392578125
346,2021-12-13,2.32204164282802,0.23999841386,0.3784226806640625,0.4134453125
347,2021-12-14,2.7784808967076486,0.23836759957,0.37454404296875,0.3784226806640625
348,2021-12-15,2.9007289273865857,0.26411188833,0.4018388671875,0.37454404296875
349,2021-12-16,2.4774634269497637,0.19825531254,0.39624697265625,0.4018388671875
350,2021-12-17,2.6092746920562515,0.23143541098,0.3879486572265625,0.39624697265625
351,2021-12-18,2.722372735546016,0.19530895889,0.3960860107421875,0.3879486572265625
352,2021-12-19,2.494192389023917,0.16167785597,0.3922592529296875,0.3960860107421875
353,2021-12-20,2.777476090121951,0.21589690675,0.3933844482421875,0.3922592529296875
354,2021-12-21,2.042822918973493,0.16388555198,0.4020260009765625,0.3933844482421875
355,2021-12-22,2.4198031153952893,0.13921756199,0.3982099609375,0.4020260009765625
356,2021-12-23,2.494016085635215,0.18007273742,0.4108015625,0.3982099609375
357,2021-12-24,2.5896301732265505,0.12769090623,0.404798291015625,0.4108015625
358,2021-12-25,2.5126805013598403,0.10894785525,0.4093281005859375,0.404798291015625
359,2021-12-26,2.115331193323045,0.11197244172,0.4067328125,0.4093281005859375
360,2021-12-27,2.6820973128024903,0.11424360002,0.4037547607421875,0.4067328125
361,2021-12-28,2.189960904320713,0.17299472803,0.380089306640625,0.4037547607421875
362,2021-12-29,2.590246779073216,0.15722555672,0.362853173828125,0.380089306640625
363,2021-12-30,2.2349326861465064,0.12925377999,0.371385205078125,0.362853173828125
364,2021-12-31,2.6544460431184915,0.14157285268,0.36826328125,0.371385205078125
365,2022-01-01,2.7913588708553654,0.9776191466,0.3769697021484375,0.36826328125
366,2022-01-02,1.7491220276627648,0.9881471548,0.382956494140625,0.3769697021484375
367,2022-01-03,2.449504336452573,0.12080777893,0.376138037109375,0.382956494140625
368,2022-01-04,2.665151572275713,0.14030925983,0.3794056640625,0.376138037109375
369,2022-01-05,2.473225184044024,0.18061338502,0.3550386962890625,0.3794056640625
370,2022-01-06,2.189781374537685,0.24293791313,0.3418408203125,0.3550386962890625
371,2022-01-07,2.350468588406245,0.24494179209,0.319321044921875,0.3418408203125
372,2022-01-08,2.6863413370172484,0.160377327,0.309197265625,0.319321044921875
373,2022-01-09,2.275514521628176,0.12334683863,0.315775146484375,0.309197265625
374,2022-01-10,2.2882660642467605,0.19535744145,0.3083097900390625,0.315775146484375
375,2022-01-11,2.6146150651407427,0.15211447193,0.3238111572265625,0.3083097900390625
376,2022-01-12,2.4402700591343747,0.16662871689,0.337225830078125,0.3238111572265625
377,2022-01-13,2.8740505140136765,0.15294466275,0.324828857421875,0.337225830078125
378,2022-01-14,2.625292880550223,0.1356295723,0.331000146484375,0.324828857421875
379,2022-01-15,2.6253114258337344,0.9619999078,0.333053076171875,0.331000146484375
380,2022-01-16,3.137339228193865,0.9505934874,0.3350921875,0.333053076171875
381,2022-01-17,2.291484582850648,0.12344309617,0.3212304931640625,0.3350921875
382,2022-01-18,2.722237415600031,0.13024154091,0.3164025146484375,0.3212304931640625
383,2022-01-19,2.4958843281346006,0.13187424144,0.3095825927734375,0.3164025146484375
384,2022-01-20,2.668178643893216,0.10645922764,0.30011201171875,0.3095825927734375
385,2022-01-21,2.430560690440418,0.26796291874,0.2557931640625,0.30011201171875
386,2022-01-22,2.425116427088259,0.27369692036,0.240518115234375,0.2557931640625
387,2022-01-23,2.599208270981629,0.16481489511,0.25350390625,0.240518115234375
388,2022-01-24,2.6125983206349943,0.28220804648,0.2440352294921875,0.25350390625
389,2022-01-25,2.8506092338587643,0.16179776932,0.245593505859375,0.2440352294921875
390,2022-01-26,2.364362046949505,0.2122990934,0.24680302734375,0.245593505859375
391,2022-01-27,2.5902674290054044,0.16126522783,0.2423001220703125,0.24680302734375
392,2022-01-28,2.5508657028428243,0.14666227351,0.2547092041015625,0.2423001220703125
393,2022-01-29,2.507574269063875,0.11172062661,0.2597084716796875,0.2547092041015625
394,2022-01-30,2.6526368039585235,0.9501221177,0.2603466552734375,0.2597084716796875
395,2022-01-31,2.619641898633226,0.13778234614,0.268827880859375,0.2603466552734375
396,2022-02-01,2.795929072253528,0.13194846235,0.27921171875,0.268827880859375
397,2022-02-02,2.6094770852930007,0.13876301217,0.268285400390625,0.27921171875
398,2022-02-03,2.503840230453941,0.12755505065,0.267916259765625,0.268285400390625
399,2022-02-04,2.6967549636273063,0.18987223729,0.29835869140625,0.267916259765625
400,2022-02-05,2.5863488352598094,0.13102093957,0.3014648193359375,0.29835869140625
401,2022-02-06,2.7200396423658955,0.9466018022,0.305747607421875,0.3014648193359375
402,2022-02-07,2.318629975146404,0.15197063785,0.3142470703125,0.305747607421875
403,2022-02-08,2.2288011328970176,0.17136080906,0.3122608642578125,0.3142470703125
404,2022-02-09,2.178987751606982,0.1395130849,0.323945703125,0.3122608642578125
405,2022-02-10,2.6141159466460144,0.1862948508,0.3077482177734375,0.323945703125
406,2022-02-11,2.7692735307821663,0.16043881065,0.2927383544921875,0.3077482177734375
407,2022-02-12,2.6322877362189443,0.11254355757,0.291736279296875,0.2927383544921875
408,2022-02-13,2.811996625488638,0.9054963563,0.288346337890625,0.291736279296875
409,2022-02-14,2.581852187490949,0.12164552172,0.293347900390625,0.288346337890625
410,2022-02-15,2.997895018885997,0.13921257873,0.3179877197265625,0.293347900390625
411,2022-02-16,1.8875203875105069,0.12352406833,0.3127830078125,0.3179877197265625
412,2022-02-17,2.97193605888348,0.15860206214,0.288148193359375,0.3127830078125
413,2022-02-18,2.541871645004437,0.15748173433,0.27857275390625,0.288148193359375
414,2022-02-19,2.7657743630265808,0.9774183169,0.2763701171875,0.27857275390625
415,2022-02-20,2.3460653914661966,0.11641437834,0.26286484375,0.2763701171875
416,2022-02-21,2.855924254948151,0.1864639274,0.2573816162109375,0.26286484375
417,2022-02-22,1.8055007249379285,0.16360200507,0.263929931640625,0.2573816162109375
418,2022-02-23,3.194189427111765,0.1338263724,0.2590359619140625,0.263929931640625
419,2022-02-24,2.462854780302961,0.29312342666,0.2598067138671875,0.2590359619140625
420,2022-02-25,2.535100101173151,0.17208902048,0.276453564453125,0.2598067138671875
421,2022-02-26,2.680853356758312,0.11724648351,0.278111181640625,0.276453564453125
422,2022-02-27,2.7609329610232534,0.16150857254,0.26218017578125,0.278111181640625
423,2022-02-28,2.5101777157969134,0.19266124733,0.2919201171875,0.26218017578125
424,2022-03-01,2.621304945889246,0.18757425786,0.2972485107421875,0.2919201171875
425,2022-03-02,2.4405098467751136,0.16636517503,0.2950118408203125,0.2972485107421875
426,2022-03-03,2.6142472497700995,0.13091199728,0.2834468994140625,0.2950118408203125
427,2022-03-04,2.530951604585442,0.14496939024,0.2617156005859375,0.2834468994140625
428,2022-03-05,2.397108019319653,0.8072368396,0.26648310546875,0.2617156005859375
429,2022-03-06,2.35330523626188,0.8872976607,0.2555037353515625,0.26648310546875
430,2022-03-07,2.645927813116889,0.14594098731,0.2497771240234375,0.2555037353515625
431,2022-03-08,2.4956280668135618,0.13922922903,0.257674755859375,0.2497771240234375
432,2022-03-09,2.1762453527754526,0.14173665398,0.2729783447265625,0.257674755859375
433,2022-03-10,2.471654993491149,0.13292477213,0.2608048583984375,0.2729783447265625
434,2022-03-11,2.6219195214410864,0.12382419582,0.255956298828125,0.2608048583984375
435,2022-03-12,2.42629812178699,0.6532996574,0.2574754150390625,0.255956298828125
436,2022-03-13,2.5538966597916826,0.8632000379,0.2518944580078125,0.2574754150390625
437,2022-03-14,1.9760922723602123,0.11244398839,0.2590696044921875,0.2518944580078125
438,2022-03-15,2.5830425591361115,0.12861105614,0.2620149658203125,0.2590696044921875
439,2022-03-16,2.350358619123222,0.17915109769,0.27720556640625,0.2620149658203125
440,2022-03-17,2.8326520379303344,0.12685265194,0.28148544921875,0.27720556640625
441,2022-03-18,2.695722282330724,0.15830879093,0.2945343017578125,0.28148544921875
442,2022-03-19,2.601711109276145,0.1157646312,0.2946257080078125,0.2945343017578125
443,2022-03-20,2.794750089468204,0.12684727326,0.2860459228515625,0.2946257080078125
444,2022-03-21,2.370452222914229,0.15206116098,0.28979765625,0.2860459228515625
445,2022-03-22,2.698200256549209,0.1683053923,0.2973131103515625,0.28979765625
446,2022-03-23,2.670573154112149,0.16008767658,0.3031067138671875,0.2973131103515625
447,2022-03-24,2.7371126590248758,0.18070503166,0.310806201171875,0.3031067138671875
448,2022-03-25,2.5925175993559466,0.17030503831,0.310667138671875,0.310806201171875
449,2022-03-26,2.6098498920573667,0.887642074,0.3143178955078125,0.310667138671875
450,2022-03-27,2.6963063400254814,0.13431866834,0.329157763671875,0.3143178955078125
451,2022-03-28,2.571410464037824,0.2062045077,0.3336634521484375,0.329157763671875
452,2022-03-29,2.529790664840456,0.19533323636,0.340198779296875,0.3336634521484375
453,2022-03-30,2.3369530902588043,0.15302506131,0.3385157958984375,0.340198779296875
454,2022-03-31,2.5822714899787265,0.17685495686,0.3281642822265625,0.3385157958984375
455,2022-04-01,2.928796160281516,0.20982988937,0.344955224609375,0.3281642822265625
456,2022-04-02,2.3586578564141747,0.23571556215,0.3445059326171875,0.344955224609375
457,2022-04-03,2.742235498283889,0.15333808649,0.352283349609375,0.3445059326171875
458,2022-04-04,2.354354535131366,0.18209969743,0.35212412109375,0.352283349609375
459,2022-04-05,2.6251529868088825,0.16681503199,0.341179248046875,0.35212412109375
460,2022-04-06,2.7833642738843656,0.25632563639,0.317169189453125,0.341179248046875
461,2022-04-07,2.847263304059497,0.16745496605,0.3233274658203125,0.317169189453125
462,2022-04-08,2.7661875940878566,0.17557050669,0.3192073974609375,0.3233274658203125
463,2022-04-09,2.4622130982150336,0.9908112156,0.3261916259765625,0.3192073974609375
464,2022-04-10,2.4309025255296173,0.1042705479,0.3211866943359375,0.3261916259765625
465,2022-04-11,2.527737948635938,0.21891804831,0.298105224609375,0.3211866943359375
466,2022-04-12,2.4867226268777385,0.2023570741,0.303037646484375,0.298105224609375
467,2022-04-13,2.672969465393468,0.16088473629,0.311834423828125,0.303037646484375
468,2022-04-14,2.962331100751244,0.15821419931,0.3019909423828125,0.311834423828125
469,2022-04-15,2.7221561763505693,0.11256651536,0.304091650390625,0.3019909423828125
470,2022-04-16,2.2042240020467205,0.8766710365,0.3062310302734375,0.304091650390625
471,2022-04-17,2.486869804428857,0.10463091281,0.29934033203125,0.3062310302734375
472,2022-04-18,2.5930726727495976,0.18629381299,0.3057606689453125,0.29934033203125
473,2022-04-19,2.720891711976568,0.14156035096,0.31041064453125,0.3057606689453125
474,2022-04-20,2.4770515913867173,0.15547362265,0.3077745849609375,0.31041064453125
475,2022-04-21,2.191498344883458,0.20783591093,0.2987480712890625,0.3077745849609375
476,2022-04-22,2.645663934077734,0.16782795477,0.2964835693359375,0.2987480712890625
477,2022-04-23,2.1972332745619894,0.9116955609,0.2938114013671875,0.2964835693359375
478,2022-04-24,2.6323279993855317,0.9696829579,0.2922732666015625,0.2938114013671875
479,2022-04-25,2.330980534435544,0.22332690614,0.30093935546875,0.2922732666015625
480,2022-04-26,2.359515752807191,0.19052045399,0.280829833984375,0.30093935546875
481,2022-04-27,2.247728242673294,0.17419284041,0.28889296875,0.280829833984375
482,2022-04-28,2.5146338548812537,0.18443524633,0.293694091796875,0.28889296875
483,2022-04-29,2.668578850617031,0.18771041399,0.2815601806640625,0.293694091796875
484,2022-04-30,2.536838622900988,0.13520941867,0.2730186767578125,0.2815601806640625
485,2022-05-01,2.686793972996765,0.15332730152,0.2827756103515625,0.2730186767578125
486,2022-05-02,2.234288071013173,0.18609741545,0.2857410400390625,0.2827756103515625
487,2022-05-03,2.592493603025691,0.13026093219,0.2783476318359375,0.2857410400390625
488,2022-05-04,2.893466903158684,0.18186749944,0.2940644775390625,0.2783476318359375
489,2022-05-05,2.739986729019756,0.22642925048,0.2749213134765625,0.2940644775390625
490,2022-05-06,2.6853128315978774,0.2102759927,0.2694979736328125,0.2749213134765625
491,2022-05-07,2.5573633112183867,0.13369276367,0.2636093017578125,0.2694979736328125
492,2022-05-08,2.5460350153369866,0.20802269935,0.25174599609375,0.2636093017578125
493,2022-05-09,2.61704487708208,0.36333567678,0.2245430419921875,0.25174599609375
494,2022-05-10,2.254023806842145,0.38202099639,0.2343510986328125,0.2245430419921875
495,2022-05-11,2.4941927467402705,0.45743399154,0.2072108642578125,0.2343510986328125
496,2022-05-12,2.1468830168366058,0.42463486402,0.19617015380859373,0.2072108642578125
497,2022-05-13,2.4926903547617942,0.24816096567,0.2014418212890625,0.19617015380859373
498,2022-05-14,0.4417976704105908,0.15457044616,0.205627392578125,0.2014418212890625
499,2022-05-15,2.534057481161859,0.14846088335,0.2145706787109375,0.205627392578125
500,2022-05-16,1.9482333347288143,0.21459552191,0.20227259521484373,0.2145706787109375
501,2022-05-17,2.599762383761916,0.18509929297,0.20904091796875,0.20227259521484373
502,2022-05-18,2.674328011659751,0.17740965589,0.19166561279296876,0.20904091796875
503,2022-05-19,2.5717102550304483,0.18734247914,0.2018336181640625,0.19166561279296876
504,2022-05-20,2.5889713862350776,0.15892482289,0.1961315673828125,0.2018336181640625
505,2022-05-21,2.5050478537839687,0.8546822406,0.1974518310546875,0.1961315673828125
506,2022-05-22,2.415751347304959,0.10941123403,0.2043170166015625,0.1974518310546875
507,2022-05-23,3.088356635668859,0.16434529708,0.1972181884765625,0.2043170166015625
508,2022-05-24,2.310198751301872,0.13057109007,0.19789827880859373,0.1972181884765625
509,2022-05-25,2.1709047771831185,0.1336454573,0.1944827880859375,0.19789827880859373
510,2022-05-26,1.8342253071261152,0.23458681818,0.1803913330078125,0.1944827880859375
511,2022-05-27,2.7971373925720613,0.25470760032,0.17249228515625,0.1803913330078125
512,2022-05-28,1.318938131012827,0.23214777872,0.17579417724609375,0.17249228515625
513,2022-05-29,2.6064345882753623,0.10642556101,0.1812031005859375,0.17579417724609375
514,2022-05-30,2.4321769665573045,0.19580808705,0.19964412841796875,0.1812031005859375
515,2022-05-31,2.405372594317493,0.1836311556,0.19423280029296874,0.19964412841796875
516,2022-06-01,2.362511865340988,0.2103779776,0.18235693359375,0.19423280029296874
517,2022-06-02,2.13220044877432,0.17065041354,0.18341505126953125,0.18235693359375
518,2022-06-03,2.4240428732876955,0.14878001811,0.177507861328125,0.18341505126953125
519,2022-06-04,3.1024621949447573,0.8677951273,0.18016094970703125,0.177507861328125
520,2022-06-05,2.60632122080744,0.8850385937,0.18052049560546876,0.18016094970703125
521,2022-06-06,2.697078484387385,0.16518471852,0.18592896728515626,0.18052049560546876
522,2022-06-07,2.6001452132207845,0.2402007675,0.181404833984375,0.18592896728515626
523,2022-06-08,2.328882878008794,0.18041476023,0.1793572265625,0.181404833984375
524,2022-06-09,2.520526096787514,0.12013083393,0.17898260498046875,0.1793572265625
525,2022-06-10,2.399683427813028,0.18504740451,0.1665042236328125,0.17898260498046875
526,2022-06-11,1.9533613077930183,0.21127089064,0.15296634521484376,0.1665042236328125
527,2022-06-12,3.0850004480897693,0.23465074882,0.1445216552734375,0.15296634521484376
528,2022-06-13,2.579006241045294,0.45162788786,0.1204582763671875,0.1445216552734375
529,2022-06-14,2.491808471213984,0.33327826525,0.1211662841796875,0.1204582763671875
530,2022-06-15,2.54913401683006,0.3753999945,0.12332064208984375,0.1211662841796875
531,2022-06-16,2.484798912888156,0.18907671369,0.1067730712890625,0.12332064208984375
532,2022-06-17,1.7292125738853303,0.1459148654,0.1086519287109375,0.1067730712890625
533,2022-06-18,2.5168146013168164,0.21655406608,0.9936367797851563,0.1086519287109375
534,2022-06-19,2.4444938687705924,0.21795481981,0.1127656494140625,0.9936367797851563
535,2022-06-20,2.8135433524965445,0.19739691429,0.11276424560546874,0.1127656494140625
536,2022-06-21,2.479330080992306,0.15632089439,0.11248245849609376,0.11276424560546874
537,2022-06-22,2.016535165524643,0.15010593493,0.1051421875,0.11248245849609376
538,2022-06-23,2.6194627334137537,0.14657862919,0.114338671875,0.1051421875
539,2022-06-24,2.4002242971578207,0.16981552654,0.12268447265625,0.114338671875
540,2022-06-25,2.447889073714453,0.12481946184,0.12434468994140625,0.12268447265625
541,2022-06-26,2.425984193019381,0.12096607824,0.11998316650390625,0.12434468994140625
542,2022-06-27,1.9790645707238732,0.1249222525,0.11936806640625,0.11998316650390625
543,2022-06-28,2.964416245631637,0.14023205651,0.11445792236328126,0.11936806640625
544,2022-06-29,2.8690257859011727,0.15386286815,0.109894384765625,0.11445792236328126
545,2022-06-30,2.893654369883909,0.16350755497,0.1067298828125,0.109894384765625
546,2022-07-01,2.7448990399142024,0.17499453625,0.1059767333984375,0.1067298828125
547,2022-07-02,3.542875566866266,0.993560364,0.10665128173828126,0.1059767333984375
548,2022-07-03,2.644505769820853,0.855724815,0.10737669677734375,0.10665128173828126
549,2022-07-04,3.3756742220362184,0.13670889311,0.115105908203125,0.10737669677734375
550,2022-07-05,3.0242059436947644,0.16195518291,0.1134541015625,0.115105908203125
551,2022-07-06,2.3602099540223587,0.15373536703,0.11869739990234375,0.1134541015625
552,2022-07-07,2.5971346072267414,0.14230795894,0.12375933837890625,0.11869739990234375
553,2022-07-08,3.079187939237141,0.16315929082,0.12225062255859374,0.12375933837890625
554,2022-07-09,2.3534026646142903,0.8821353104,0.1216978271484375,0.12225062255859374
555,2022-07-10,2.607752007014989,0.10984558039,0.1168401611328125,0.1216978271484375
556,2022-07-11,2.702335327759208,0.1206418041,0.1097236572265625,0.1168401611328125
557,2022-07-12,2.2486526092683827,0.12583282453,0.1038191650390625,0.1097236572265625
558,2022-07-13,2.303522080606626,0.18302588147,0.1113587158203125,0.1038191650390625
559,2022-07-14,2.7724512786267854,0.16688640823,0.11915262451171875,0.1113587158203125
560,2022-07-15,2.3434726456736623,0.17411448225,0.1233129150390625,0.11915262451171875
561,2022-07-16,2.7119039248939028,0.18364013796,0.135262646484375,0.1233129150390625
562,2022-07-17,2.526282804659723,0.16079711737,0.13386357421875,0.135262646484375
563,2022-07-18,2.7339713518034423,0.27440420623,0.15787178955078124,0.13386357421875
564,2022-07-19,2.2915556729256887,0.27753529276,0.15429752197265625,0.15787178955078124
565,2022-07-20,2.536011451609974,0.2294270834,0.152020068359375,0.15429752197265625
566,2022-07-21,2.592977423005388,0.20009556587,0.157674951171875,0.152020068359375
567,2022-07-22,2.4009280152558548,0.18926100582,0.15374051513671874,0.157674951171875
568,2022-07-23,2.4677801466457274,0.14998811383,0.15492974853515626,0.15374051513671874
569,2022-07-24,2.0894557761082866,0.17217849557,0.15994766845703126,0.15492974853515626
570,2022-07-25,2.5857286879700645,0.20585056021,0.14453834228515625,0.15994766845703126
571,2022-07-26,2.654215230365009,0.18238563509,0.14418067626953124,0.14453834228515625
572,2022-07-27,1.899183127189937,0.23007524016,0.1636232666015625,0.14418067626953124
573,2022-07-28,2.464671107341054,0.27231399966,0.17254681396484375,0.1636232666015625
574,2022-07-29,2.661217619097136,0.23249531113,0.1727406982421875,0.17254681396484375
575,2022-07-30,2.012486838407083,0.1557697787,0.1695969482421875,0.1727406982421875
576,2022-07-31,2.672212896581061,0.1420073537,0.1681517333984375,0.1695969482421875
577,2022-08-01,1.8492029101653216,0.16191371176,0.163519580078125,0.1681517333984375
578,2022-08-02,2.084233518627648,0.20426082309,0.16329454345703126,0.163519580078125
579,2022-08-03,3.0867882958187858,0.1678621883,0.161887451171875,0.16329454345703126
580,2022-08-04,2.639723580466786,0.14467440626,0.1608205810546875,0.161887451171875
581,2022-08-05,2.647285752227887,0.18546491876,0.1732254638671875,0.1608205810546875
582,2022-08-06,2.566254281169689,0.11757911705,0.16916580810546875,0.1732254638671875
583,2022-08-07,2.519283463393345,0.1025209034,0.1699350830078125,0.16916580810546875
584,2022-08-08,2.2842586768094586,0.16841424404,0.177551611328125,0.1699350830078125
585,2022-08-09,2.5151152126975984,0.16368619692,0.17030250244140624,0.177551611328125
586,2022-08-10,2.623469478990498,0.23512477984,0.185174267578125,0.17030250244140624
587,2022-08-11,2.521947884669765,0.23826986482,0.188122412109375,0.185174267578125
588,2022-08-12,1.77799388826982,0.17168141904,0.19572464599609374,0.188122412109375
589,2022-08-13,1.955531018406813,0.16038975216,0.19813365478515624,0.19572464599609374
590,2022-08-14,2.6192217996494853,0.14062754456,0.1936802001953125,0.19813365478515624
591,2022-08-15,2.057734389469309,0.20349931313,0.19042281494140625,0.1936802001953125
592,2022-08-16,2.939908223879911,0.1563757893,0.1878139404296875,0.19042281494140625
593,2022-08-17,2.646460190471029,0.20308508124,0.18329996337890625,0.1878139404296875
594,2022-08-18,2.5717436698024705,0.14999352229,0.18470078125,0.18329996337890625
595,2022-08-19,3.7710552775496655,0.25906358731,0.16129873046875,0.18470078125
596,2022-08-20,4.815566354874028,0.18334580263,0.15770037841796875,0.16129873046875
597,2022-08-21,2.133243741741823,0.15849221752,0.16193189697265625,0.15770037841796875
598,2022-08-22,3.2393182279729147,0.18557078599,0.1622505859375,0.16193189697265625
599,2022-08-23,2.915195447192714,0.18322041914,0.16627698974609376,0.1622505859375
600,2022-08-24,1.95433881590262,0.16780932907,0.16570592041015625,0.16627698974609376
601,2022-08-25,0.087836828375424,0.14818795695,0.169645703125,0.16570592041015625
602,2022-08-26,2.7382782506271357,0.26713710143,0.15077828369140625,0.169645703125
603,2022-08-27,2.1479045984668144,0.18120831899,0.149139501953125,0.15077828369140625
604,2022-08-28,2.7372615279867274,0.12823572918,0.143054736328125,0.149139501953125
605,2022-08-29,2.747072070840564,0.17965837488,0.1553037353515625,0.143054736328125
606,2022-08-30,2.5194716272365354,0.2183578447,0.15238388671875,0.1553037353515625
607,2022-08-31,2.689957867608356,0.20591680941,0.15536849365234376,0.15238388671875
608,2022-09-01,2.532280774567579,0.16434276817,0.15861767578125,0.15536849365234376
609,2022-09-02,2.9265383512775065,0.17708478709,0.1577220458984375,0.15861767578125
610,2022-09-03,2.6394070863592614,0.9516825994,0.15568726806640626,0.1577220458984375
611,2022-09-04,2.6436167472463543,0.8884144998,0.15776416015625,0.15568726806640626
612,2022-09-05,2.7410965345573937,0.13060541168,0.16171832275390624,0.15776416015625
613,2022-09-06,2.3970770718071424,0.22946059125,0.156174853515625,0.16171832275390624
614,2022-09-07,1.4037453157597044,0.19560363854,0.16299063720703125,0.156174853515625
615,2022-09-08,2.4053090108047868,0.17621046717,0.163534765625,0.16299063720703125
616,2022-09-09,2.665600442381608,0.2024232369,0.171908544921875,0.163534765625
617,2022-09-10,2.360747337672984,0.13130928217,0.17762037353515625,0.171908544921875
618,2022-09-11,2.617292684629628,0.12464301922,0.1761800048828125,0.17762037353515625
619,2022-09-12,2.658463396516674,0.1768839131,0.17137652587890626,0.1761800048828125
620,2022-09-13,2.785576262449546,0.23066821734,0.15807879638671876,0.17137652587890626
621,2022-09-14,2.5150505912841985,0.17897150206,0.16347550048828124,0.15807879638671876
622,2022-09-15,2.860195788265422,0.26946275878,0.14716934814453125,0.16347550048828124
623,2022-09-16,3.646910074886899,0.16764804299,0.143244775390625,0.14716934814453125
624,2022-09-17,1.157383838393396,0.10798098671,0.146974169921875,0.143244775390625
625,2022-09-18,2.2441734939722773,0.15762284723,0.13353291015625,0.146974169921875
626,2022-09-19,2.3619511830606443,0.18712714223,0.13775413818359375,0.13353291015625
627,2022-09-20,2.929581274676623,0.1472231722,0.132438818359375,0.13775413818359375
628,2022-09-21,2.678066004946407,0.206435078,0.12526077880859374,0.132438818359375
629,2022-09-22,2.5378826866632007,0.18461527259,0.132768017578125,0.12526077880859374
630,2022-09-23,2.4532008683319666,0.18771106339,0.1328259521484375,0.132768017578125
631,2022-09-24,2.565812320988156,0.12098209717,0.13179932861328125,0.1328259521484375
632,2022-09-25,3.1763965376884467,0.11802651633,0.1294216796875,0.13179932861328125
633,2022-09-26,2.4381949407044314,0.16034549271,0.13353201904296874,0.1294216796875
634,2022-09-27,2.522351853529752,0.17870598937,0.1330127685546875,0.13353201904296874
635,2022-09-28,2.997332776503604,0.18994979566,0.1337410888671875,0.1330127685546875
636,2022-09-29,2.697579876635688,0.13796915736,0.133565234375,0.1337410888671875
637,2022-09-30,3.472674640505587,0.14250100093,0.13279786376953126,0.133565234375
638,2022-10-01,1.8497162856072105,0.6227961237,0.13116444091796875,0.13279786376953126
639,2022-10-02,2.4617860593029715,0.757835165,0.1276093505859375,0.13116444091796875
640,2022-10-03,1.8568996819855568,0.10153070907,0.1323439208984375,0.1276093505859375
641,2022-10-04,1.8183440188216933,0.10139774963,0.13621265869140625,0.1323439208984375
642,2022-10-05,1.750202814842461,0.977445182,0.1352837158203125,0.13621265869140625
643,2022-10-06,1.9737569162304107,0.12033514861,0.135170947265625,0.1352837158203125
644,2022-10-07,2.4194982140024504,0.10061619355,0.13325169677734375,0.135170947265625
645,2022-10-08,2.655019795659304,0.5804676208,0.131550048828125,0.13325169677734375
646,2022-10-09,2.581810894831742,0.5486230123,0.1322604248046875,0.131550048828125
647,2022-10-10,2.3591746296293628,0.879449105,0.1291337646484375,0.1322604248046875
648,2022-10-11,2.133740753049259,0.927484526,0.127957568359375,0.1291337646484375
649,2022-10-12,2.2554815900464744,0.8355638578,0.12949063720703125,0.127957568359375
650,2022-10-13,1.6575678551461182,0.17499038202,0.12881239013671875,0.12949063720703125
651,2022-10-14,2.650631356876158,0.13113767755,0.1297422119140625,0.12881239013671875
652,2022-10-15,2.5177484750655004,0.6798512624,0.12748717041015625,0.1297422119140625
653,2022-10-16,2.614814113524619,0.7491625206,0.1306296630859375,0.12748717041015625
654,2022-10-17,2.9993605270893986,0.940118965,0.1331713623046875,0.1306296630859375
655,2022-10-18,1.219778132659601,0.10416747806,0.1310447021484375,0.1331713623046875
656,2022-10-19,4.024162405364328,0.8350692785,0.12857442626953125,0.1310447021484375
657,2022-10-20,2.993067113721368,0.9009111996,0.1283200927734375,0.12857442626953125
658,2022-10-21,2.4056224614591244,0.10412565245,0.12999464111328124,0.1283200927734375
659,2022-10-22,2.921515843008068,0.7175324564,0.13142991943359375,0.12999464111328124
660,2022-10-23,2.538000615172086,0.9909510925,0.1363447021484375,0.13142991943359375
661,2022-10-24,2.5533720862252327,0.13092820173,0.134499853515625,0.1363447021484375
662,2022-10-25,2.5561042601924866,0.25367291294,0.14616654052734376,0.134499853515625
663,2022-10-26,2.888538932641243,0.32705548427,0.1566566650390625,0.14616654052734376
664,2022-10-27,2.511889994872048,0.22813499245,0.15143748779296876,0.1566566650390625
665,2022-10-28,1.8726691245703675,0.19974623205,0.15554779052734374,0.15143748779296876
666,2022-10-29,0.1302388597845553,0.21618154775,0.1619698486328125,0.15554779052734374
667,2022-10-30,3.868323618569276,0.13930073427,0.15907833251953124,0.1619698486328125
668,2022-10-31,2.4181872685525048,0.19306919714,0.15727144775390625,0.15907833251953124
669,2022-11-01,1.9800355322224088,0.14507311208,0.157970458984375,0.15727144775390625
670,2022-11-02,1.278053294825619,0.23254218281,0.15197117919921874,0.157970458984375
671,2022-11-03,1.287104256050445,0.14248351007,0.1531541748046875,0.15197117919921874
672,2022-11-04,2.620716234605116,0.20806964347,0.16450933837890624,0.1531541748046875
673,2022-11-05,2.608329133829219,0.1100697319,0.1627968017578125,0.16450933837890624
674,2022-11-06,1.9863212991444064,0.11632744705,0.15722347412109375,0.1627968017578125
675,2022-11-07,2.500170390123861,0.15279963349,0.156859130859375,0.15722347412109375
676,2022-11-08,3.0652563196739537,0.4204800344,0.13328355712890624,0.156859130859375
677,2022-11-09,2.4688811154254564,0.38864492427,0.11001697998046875,0.13328355712890624
678,2022-11-10,2.421943703498114,0.28581002122,0.1299464599609375,0.11001697998046875
679,2022-11-11,2.573976992358765,0.20920539099,0.12872210693359376,0.1299464599609375
680,2022-11-12,2.443133473734524,0.10964962767,0.1255268310546875,0.12872210693359376
681,2022-11-13,2.618326035676284,0.10717455214,0.12218192138671875,0.1255268310546875
682,2022-11-14,2.6544361212020533,0.15028035663,0.1241604248046875,0.12218192138671875
683,2022-11-15,2.591279393708053,0.11798011594,0.12517362060546874,0.1241604248046875
684,2022-11-16,3.449999949998233,0.11939561598,0.12156025390625,0.12517362060546874
685,2022-11-17,1.6705648847374752,0.9723646871,0.120080859375,0.12156025390625
686,2022-11-18,2.798843769169209,0.7979913378,0.121230029296875,0.120080859375
687,2022-11-19,1.6405286835925603,0.5978745776,0.12184267578125,0.121230029296875
688,2022-11-20,2.602196614056234,0.9651002684,0.11424666748046874,0.12184267578125
689,2022-11-21,2.9806737838233706,0.14080099208,0.110835302734375,0.11424666748046874
690,2022-11-22,2.637854771113928,0.12040670755,0.11351734619140624,0.110835302734375
691,2022-11-23,2.6567878634142525,0.11242676044,0.11831995849609375,0.11351734619140624
692,2022-11-24,2.450772531175978,0.9706372376,0.1203983154296875,0.11831995849609375
693,2022-11-25,2.541955440155332,0.5483308196,0.11989259033203126,0.1203983154296875
694,2022-11-26,2.6904585441304416,0.5074160558,0.120589794921875,0.11989259033203126
695,2022-11-27,2.495233122586102,0.4486976868,0.1195126953125,0.120589794921875
696,2022-11-28,2.6268593259616635,0.727541187,0.1170086181640625,0.1195126953125
697,2022-11-29,2.558452284253384,0.7639405818,0.12169012451171875,0.1170086181640625
698,2022-11-30,2.329169741635241,0.9836925304,0.12956885986328126,0.12169012451171875
699,2022-12-01,3.294085347038046,0.6857935276,0.127627392578125,0.12956885986328126
700,2022-12-02,4.236312788840483,0.6213645709,0.12943033447265626,0.127627392578125
701,2022-12-03,2.8025618578898763,0.5672609405,0.12433348388671875,0.12943033447265626
702,2022-12-04,2.4535850746761008,0.5174128454,0.1280256591796875,0.12433348388671875
703,2022-12-05,2.5592969280298,0.6120359523,0.12596767578125,0.1280256591796875
704,2022-12-06,3.1740852185349,0.508921268,0.127165380859375,0.12596767578125
705,2022-12-07,2.501028478160925,0.575220518,0.12324375,0.127165380859375
706,2022-12-08,2.516703041797244,0.6227269815,0.12811163330078126,0.12324375
707,2022-12-09,2.52670161315724,0.5706183865,0.12642847900390625,0.12811163330078126
708,2022-12-10,2.66758112602488,0.3282499999,0.12663841552734376,0.12642847900390625
709,2022-12-11,4.342625223738375,0.3362005848,0.12638685302734376,0.12663841552734376
710,2022-12-12,3.2364956946819112,0.5151109364,0.12746190185546874,0.12638685302734376
711,2022-12-13,0.0846616790418452,0.8812883119,0.13205491943359374,0.12746190185546874
712,2022-12-14,2.545351572672662,0.7830915428,0.13093287353515626,0.13205491943359374
713,2022-12-15,2.542261329625445,0.6032859783,0.12663538818359374,0.13093287353515626
714,2022-12-16,2.8600747371004385,0.9297811507,0.11682593994140625,0.12663538818359374
715,2022-12-17,2.726265407058318,0.5077258586,0.11881495361328125,0.11682593994140625
716,2022-12-18,1.9783651207435289,0.3350092519,0.11847152099609375,0.11881495361328125
717,2022-12-19,2.8246314972115623,0.4943628091,0.116760986328125,0.11847152099609375
718,2022-12-20,2.378947986650053,0.6684951715,0.121770361328125,0.116760986328125
719,2022-12-21,2.53856128971936,0.4217182733,0.12135999755859375,0.121770361328125
720,2022-12-22,1.7213737085205745,0.5297471739,0.121818212890625,0.12135999755859375
721,2022-12-23,2.588399690740555,0.4835831923,0.1220159423828125,0.121818212890625
722,2022-12-24,2.6190567149650694,0.2626153345,0.12211485595703125,0.1220159423828125
723,2022-12-25,2.559851193097577,0.394272007,0.12189620361328125,0.12211485595703125
724,2022-12-26,1.5758540094371547,0.32820984,0.1226974365234375,0.12189620361328125
725,2022-12-27,2.7926139118572486,0.4091530737,0.12127916259765625,0.1226974365234375
726,2022-12-28,2.633547965321793,0.4991669631,0.1189986083984375,0.12127916259765625
727,2022-12-29,2.2948283920744594,0.413223394,0.12015953369140625,0.1189986083984375
728,2022-12-30,2.5860727568709727,0.4055668253,0.11992327880859376,0.12015953369140625
729,2022-12-31,2.478789423480039,0.3018513333,0.1196771240234375,0.11992327880859376
730,2023-01-01,2.5468383541802293,0.239967455,0.120096484375,0.1196771240234375
